NU_ANO_CENSO;NO_MUNICIPIO;CO_MUNICIPIO;NO_MESORREGIAO;CO_MESORREGIAO;NO_MICRORREGIAO;CO_MICRORREGIAO;CO_ENTIDADE;NO_ENTIDADE;TP_DEPENDENCIA;TP_SITUACAO_FUNCIONAMENTO;IN_AGUA_INEXISTENTE;IN_ENERGIA_INEXISTENTE;IN_ESGOTO_INEXISTENTE;IN_AREA_VERDE;IN_AUDITORIO;IN_BIBLIOTECA;IN_BIBLIOTECA_SALA_LEITURA;IN_LABORATORIO_CIENCIAS;IN_LABORATORIO_INFORMATICA;IN_PARQUE_INFANTIL;IN_QUADRA_ESPORTES;IN_QUADRA_ESPORTES_COBERTA;IN_QUADRA_ESPORTES_DESCOBERTA;IN_REFEITORIO;IN_SALA_DIRETORIA;IN_SALA_LEITURA;IN_SALA_PROFESSOR;IN_SECRETARIA;IN_SALA_ATENDIMENTO_ESPECIAL;IN_COMPUTADOR;IN_EQUIP_IMPRESSORA;IN_EQUIP_SOM;IN_EQUIP_TV;IN_EQUIP_MULTIMIDIA;IN_INTERNET;IN_ALIMENTACAO;TP_AEE;TP_ATIVIDADE_COMPLEMENTAR;IN_MEDIACAO_PRESENCIAL;IN_MEDIACAO_SEMIPRESENCIAL;IN_MEDIACAO_EAD;QT_MAT_BAS;QT_MAT_INF;QT_MAT_INF_CRE;QT_MAT_INF_PRE;QT_MAT_FUND;QT_MAT_FUND_AI;QT_MAT_FUND_AF;QT_MAT_MED;QT_MAT_EJA_FUND;QT_MAT_ESP;QT_MAT_INF_INT;QT_MAT_INF_CRE_INT;QT_MAT_FUND_INT;QT_MAT_FUND_AI_INT;QT_MAT_FUND_AF_INT;QT_DOC_INF;QT_DOC_FUND;QT_DOC_FUND_AI;QT_DOC_FUND_AF;QT_DOC_EJA_FUND;QT_DOC_ESP;QT_TUR_INF;QT_TUR_FUND;QT_TUR_FUND_AI;QT_TUR_FUND_AF;QT_TUR_EJA_FUND;QT_TUR_ESP
NU_ANO_CENSO;NO_MUNICIPIO;CO_MUNICIPIO;NO_MESORREGIAO;CO_MESORREGIAO;NO_MICRORREGIAO;CO_MICRORREGIAO;CO_ENTIDADE;NO_ENTIDADE;TP_DEPENDENCIA;TP_SITUACAO_FUNCIONAMENTO;IN_AGUA_INEXISTENTE;IN_ENERGIA_INEXISTENTE;IN_ESGOTO_INEXISTENTE;IN_AREA_VERDE;IN_AUDITORIO;IN_BIBLIOTECA;IN_BIBLIOTECA_SALA_LEITURA;IN_LABORATORIO_CIENCIAS;IN_LABORATORIO_INFORMATICA;IN_PARQUE_INFANTIL;IN_QUADRA_ESPORTES;IN_QUADRA_ESPORTES_COBERTA;IN_QUADRA_ESPORTES_DESCOBERTA;IN_REFEITORIO;IN_SALA_DIRETORIA;IN_SALA_LEITURA;IN_SALA_PROFESSOR;IN_SECRETARIA;IN_SALA_ATENDIMENTO_ESPECIAL;IN_COMPUTADOR;IN_EQUIP_IMPRESSORA;IN_EQUIP_SOM;IN_EQUIP_TV;IN_EQUIP_MULTIMIDIA;IN_INTERNET;IN_ALIMENTACAO;TP_AEE;TP_ATIVIDADE_COMPLEMENTAR;IN_MEDIACAO_PRESENCIAL;IN_MEDIACAO_SEMIPRESENCIAL;IN_MEDIACAO_EAD;QT_MAT_BAS;QT_MAT_INF;QT_MAT_INF_CRE;QT_MAT_INF_PRE;QT_MAT_FUND;QT_MAT_FUND_AI;QT_MAT_FUND_AF;QT_MAT_MED;QT_MAT_EJA_FUND;QT_MAT_ESP;QT_MAT_INF_INT;QT_MAT_INF_CRE_INT;QT_MAT_FUND_INT;QT_MAT_FUND_AI_INT;QT_MAT_FUND_AF_INT;QT_DOC_INF;QT_DOC_FUND;QT_DOC_FUND_AI;QT_DOC_FUND_AF;QT_DOC_EJA_FUND;QT_DOC_ESP;QT_TUR_INF;QT_TUR_FUND;QT_TUR_FUND_AI;QT_TUR_FUND_AF;QT_TUR_EJA_FUND;QT_TUR_ESP
2016;Águas Formosas;3100906;Vale do Mucuri;3104;Nanuque;31016;31148539;EM ROSA MARIA PEREIRA;3;1;0;0;0;1;0;0;0;0;0;0;0;0;0;0;0;0;0;0;0;0;0;1;0;0;0;1;0;0;1;0;0;10;0;0;0;10;10;0;0;0;0;0;0;0;0;0;0;1;0;1;0;0;0;1;0;1;0;0
2016;Águas Formosas;3100906;Vale do Mucuri;3104;Nanuque;31016;31148547;EM ARGENTINA;3;1;0;0;0;1;0;0;0;0;0;0;0;0;0;0;0;0;0;0;0;0;0;1;0;0;0;1;0;0;1;0;0;9;0;0;0;9;9;0;0;0;0;0;0;0;0;0;0;1;0;1;0;0;0;1;0;1;0;0
2016;Águas Formosas;3100906;Vale do Mucuri;3104;Nanuque;31016;31148563;EM ANA OLIVEIRA FERNANDES;3;1;0;0;0;1;0;0;0;0;0;0;0;0;0;0;0;0;0;0;0;0;0;1;0;0;0;1;0;0;1;0;0;7;0;0;0;7;7;0;0;0;0;0;0;0;0;0;0;1;0;1;0;0;0;1;0;1;0;0
2016;Águas Formosas;3100906;Vale do Mucuri;3104;Nanuque;31016;31148652;EM STA RITA;3;1;0;0;0;1;0;0;0;0;0;0;0;0;0;0;0;0;0;0;0;1;0;1;0;0;0;1;0;0;1;0;0;16;0;0;0;16;16;0;0;0;0;0;0;0;0;0;0;1;0;1;0;0;0;1;0;1;0;0
2016;Águas Formosas;3100906;Vale do Mucuri;3104;Nanuque;31016;31148679;EM STA ROSA;3;1;0;0;0;1;0;0;0;0;0;0;0;0;0;0;0;0;0;0;0;1;1;1;0;0;0;1;0;0;1;0;0;13;0;0;0;13;13;0;0;0;0;0;0;0;0;0;0;1;0;1;0;0;0;1;0;1;0;0
2016;Águas Formosas;3100906;Vale do Mucuri;3104;Nanuque;31016;31148792;EM SAO MARCOS;3;1;0;0;0;1;0;1;1;0;0;0;0;0;0;0;0;0;0;0;0;0;0;1;0;0;0;1;0;0;1;0;0;12;0;0;0;12;12;0;0;0;0;0;0;0;0;0;0;1;0;1;0;0;0;1;0;1;0;0
2016;Águas Formosas;3100906;Vale do Mucuri;3104;Nanuque;31016;31148831;ESCOLA MUNICIPAL SENHORA APARECIDA;3;1;0;0;0;1;0;0;0;0;0;0;0;0;0;0;0;0;0;0;0;1;0;1;1;0;1;1;0;0;1;0;0;51;0;0;0;51;51;0;0;0;0;0;0;0;0;0;0;4;0;4;0;0;0;4;0;4;0;0
2016;Águas Formosas;3100906;Vale do Mucuri;3104;Nanuque;31016;31148865;EM VITALINA AMARAL SILVA;3;1;0;0;0;1;0;0;0;0;0;0;0;0;0;0;0;0;0;0;0;0;0;1;0;0;0;1;0;0;1;0;0;9;0;0;0;9;9;0;0;0;0;0;0;0;0;0;0;1;0;1;0;0;0;1;0;1;0;0
2016;Águas Formosas;3100906;Vale do Mucuri;3104;Nanuque;31016;31148873;EM MARIA RIBEIRO;3;1;0;0;0;1;0;0;0;0;0;0;0;0;0;0;0;0;0;0;0;1;1;1;0;0;1;1;0;0;1;0;0;26;0;0;0;26;26;0;0;0;1;0;0;0;0;0;0;2;0;2;0;1;0;2;0;2;0;1
2016;Águas Formosas;3100906;Vale do Mucuri;3104;Nanuque;31016;31148989;EM SAO JOAO;3;1;0;0;0;1;0;0;0;0;0;0;0;0;0;0;0;0;0;0;0;0;0;1;0;0;0;1;0;0;1;0;0;9;0;0;0;9;9;0;0;0;0;0;0;0;0;0;0;1;0;1;0;0;0;1;0;1;0;0
2016;Águas Formosas;3100906;Vale do Mucuri;3104;Nanuque;31016;31264750;EM SAO VICENTE DE PAULO;3;1;0;0;0;0;0;1;1;0;0;1;0;0;0;0;1;0;1;1;0;1;1;1;1;0;1;1;0;0;1;0;0;180;110;0;110;0;0;0;0;70;4;0;0;0;0;0;6;0;0;0;3;3;6;0;0;0;3;3
2016;Águas Formosas;3100906;Vale do Mucuri;3104;Nanuque;31016;31289787;C MUN INF CANTINHO DA CRIANCA;3;1;0;0;0;1;0;1;1;0;0;1;0;0;0;1;1;0;0;1;0;1;1;1;1;0;1;1;0;0;1;0;0;100;100;30;70;0;0;0;0;0;0;30;30;0;0;0;7;0;0;0;0;0;8;0;0;0;0;0
2016;Águas Formosas;3100906;Vale do Mucuri;3104;Nanuque;31016;31289795;C MUN DE EDUC INF MUNDO ENCANTADO;3;1;0;0;0;1;0;0;0;0;0;1;0;0;0;0;1;0;0;0;0;1;1;1;1;0;1;1;0;0;1;0;0;178;178;79;99;0;0;0;0;0;0;79;79;0;0;0;11;0;0;0;0;0;11;0;0;0;0;0
2016;Águas Formosas;3100906;Vale do Mucuri;3104;Nanuque;31016;31312169;ESCOLA MUNICIPAL SEBASTIAO LIMA FILHO;3;1;0;0;0;1;0;0;0;0;1;0;1;0;1;0;0;0;0;1;0;1;1;1;1;1;1;1;0;0;1;0;0;245;0;0;0;245;79;166;0;0;6;0;0;0;0;0;0;22;5;18;0;11;0;18;5;13;0;5
2016;Águas Formosas;3100906;Vale do Mucuri;3104;Nanuque;31016;31355330;CENTRO MUNICIPAL DE EDUCACAO INFANTIL BETANIA PINTO DE OLIVEIRA;3;1;0;0;0;1;0;1;1;0;0;1;0;0;0;1;1;1;1;1;0;1;1;1;1;0;1;1;0;0;1;0;0;243;243;97;146;0;0;0;0;0;1;15;15;0;0;0;14;0;0;0;0;1;15;0;0;0;0;1
2016;Águas Formosas;3100906;Vale do Mucuri;3104;Nanuque;31016;31367125;CEMEI AQUARELA;3;1;0;0;0;0;0;0;0;0;0;0;0;0;0;0;0;0;0;1;0;1;0;0;1;0;1;1;0;0;1;0;0;107;107;80;27;0;0;0;0;0;0;14;14;0;0;0;8;0;0;0;0;0;8;0;0;0;0;0
2016;Ataléia;3104700;Vale do Mucuri;3104;Teófilo Otoni;31015;31149802;EM JOSE DE AGUILAR;3;1;0;0;0;0;0;0;0;0;0;0;0;0;0;0;0;0;0;0;0;1;0;1;1;0;0;1;0;0;1;0;0;20;0;0;0;20;20;0;0;0;0;0;0;0;0;0;0;2;0;2;0;0;0;2;0;2;0;0
2016;Ataléia;3104700;Vale do Mucuri;3104;Teófilo Otoni;31015;31149811;EM JOSE RIBEIRO NEVES;3;1;0;0;0;0;0;0;0;0;0;0;0;0;0;0;0;0;0;0;0;1;0;0;0;0;0;1;0;0;1;0;0;8;0;0;0;8;8;0;0;0;0;0;0;0;0;0;0;1;0;1;0;0;0;1;0;1;0;0
2016;Ataléia;3104700;Vale do Mucuri;3104;Teófilo Otoni;31015;31149888;EM RAUL SOARES;3;1;0;0;0;0;0;0;0;0;0;0;0;0;0;0;0;0;0;0;0;1;0;0;0;0;0;1;0;0;1;0;0;8;0;0;0;8;8;0;0;0;0;0;0;0;0;0;0;2;0;2;0;0;0;2;0;2;0;0
2016;Ataléia;3104700;Vale do Mucuri;3104;Teófilo Otoni;31015;31149918;EM SANTA FE;3;1;0;0;0;0;1;1;1;0;0;0;1;1;0;0;1;0;1;1;0;1;1;1;1;1;1;1;0;1;1;0;0;185;0;0;0;185;185;0;0;0;4;0;0;29;29;0;0;12;11;1;0;4;0;13;12;1;0;4
2016;Ataléia;3104700;Vale do Mucuri;3104;Teófilo Otoni;31015;31149942;EM TIRADENTES;3;1;0;0;0;0;0;0;0;0;0;0;0;0;0;0;0;0;0;0;0;1;0;0;0;0;0;1;0;0;1;0;0;8;0;0;0;8;8;0;0;0;0;0;0;0;0;0;0;1;0;1;0;0;0;1;0;1;0;0
2016;Ataléia;3104700;Vale do Mucuri;3104;Teófilo Otoni;31015;31149977;EM CECILIA MEIRELES;3;1;0;0;0;0;0;0;0;0;0;0;0;0;0;0;1;0;1;1;0;1;1;1;1;0;0;1;0;0;1;0;0;154;0;0;0;154;154;0;0;0;5;0;0;0;0;0;0;14;12;2;0;6;0;12;10;2;0;4
2016;Ataléia;3104700;Vale do Mucuri;3104;Teófilo Otoni;31015;31213080;EM DUQUE DE CAXIAS;3;1;0;0;0;0;0;1;1;0;0;0;0;0;0;0;1;0;1;1;0;1;1;1;1;0;0;1;0;0;1;0;0;125;0;0;0;125;68;57;0;0;1;0;0;0;0;0;0;11;6;6;0;1;0;9;5;4;0;1
2016;Ataléia;3104700;Vale do Mucuri;3104;Teófilo Otoni;31015;31240842;PEM PEQUENO POLEGAR;3;1;0;0;0;0;0;0;0;0;0;0;0;0;0;1;0;0;0;0;0;0;0;0;0;0;0;1;0;0;1;0;0;39;39;0;39;0;0;0;0;0;0;0;0;0;0;0;2;0;0;0;0;0;2;0;0;0;0;0
2016;Ataléia;3104700;Vale do Mucuri;3104;Teófilo Otoni;31015;31240851;PEM TRES PORQUINHOS;3;1;0;0;0;0;0;0;0;0;0;0;0;0;0;0;0;0;0;0;0;0;0;0;0;0;0;1;0;0;1;0;0;7;7;0;7;0;0;0;0;0;0;0;0;0;0;0;1;0;0;0;0;0;1;0;0;0;0;0
2016;Ataléia;3104700;Vale do Mucuri;3104;Teófilo Otoni;31015;31240869;PEM MENINO JESUS;3;1;0;0;0;0;0;0;0;0;0;0;0;0;0;0;0;0;0;1;0;1;1;0;1;0;1;1;0;0;1;0;0;78;78;0;78;0;0;0;0;0;1;0;0;0;0;0;5;0;0;0;0;1;5;0;0;0;0;1
2016;Ataléia;3104700;Vale do Mucuri;3104;Teófilo Otoni;31015;31240885;PEM PINGO DE GENTE;3;1;0;0;0;0;1;0;0;0;0;1;1;0;1;1;1;0;1;1;0;1;1;1;1;1;1;1;0;0;1;0;0;178;178;68;110;0;0;0;0;0;0;0;0;0;0;0;5;0;0;0;0;0;9;0;0;0;0;0
2016;Ataléia;3104700;Vale do Mucuri;3104;Teófilo Otoni;31015;31240893;PEM PEQUENO PRINCIPE;3;1;0;0;0;0;0;0;0;0;0;0;0;0;0;0;0;0;0;0;0;0;0;0;0;0;0;1;0;0;1;0;0;19;19;0;19;0;0;0;0;0;1;0;0;0;0;0;1;0;0;0;0;1;1;0;0;0;0;1
2016;Ataléia;3104700;Vale do Mucuri;3104;Teófilo Otoni;31015;31240907;PEM CHAPEUZINHO VERMELHO;3;1;0;0;0;0;0;0;0;0;0;0;0;0;0;0;1;0;0;0;0;1;1;1;1;0;0;1;0;0;1;0;0;16;16;0;16;0;0;0;0;0;0;0;0;0;0;0;2;0;0;0;0;0;2;0;0;0;0;0
2016;Ataléia;3104700;Vale do Mucuri;3104;Teófilo Otoni;31015;31240923;PEM STA CRUZ;3;1;0;0;0;0;0;0;0;0;0;0;0;0;0;0;0;0;0;0;0;0;0;0;0;0;0;1;0;0;1;0;0;16;16;0;16;0;0;0;0;0;0;0;0;0;0;0;2;0;0;0;0;0;2;0;0;0;0;0
2016;Ataléia;3104700;Vale do Mucuri;3104;Teófilo Otoni;31015;31312444;CESU DE ATALEIA;3;1;0;0;0;0;0;0;0;0;0;0;0;0;0;0;0;0;1;0;0;0;0;0;1;0;0;1;0;0;0;1;0;60;0;0;0;0;0;0;0;60;2;0;0;0;0;0;0;0;0;0;5;5;0;0;0;0;1;1
2016;Bertópolis;3106606;Vale do Mucuri;3104;Nanuque;31016;31150142;EM PEDRO ALVARES CABRAL;3;1;0;0;0;0;0;0;0;0;0;0;0;0;0;0;0;0;0;0;0;0;0;1;1;0;0;1;0;0;1;0;0;20;0;0;0;20;20;0;0;0;0;0;0;0;0;0;0;1;0;1;0;0;0;1;0;1;0;0
2016;Bertópolis;3106606;Vale do Mucuri;3104;Nanuque;31016;31239461;EM PROF WALDEMAR MENDES DE CASTRO;3;1;0;0;0;0;0;1;1;0;0;0;0;0;0;0;1;0;1;1;0;1;1;1;1;1;1;1;0;0;1;0;0;202;0;0;0;202;202;0;0;0;2;0;0;0;0;0;0;11;11;0;0;3;0;10;10;0;0;2
2016;Bertópolis;3106606;Vale do Mucuri;3104;Nanuque;31016;31327093;EM INFANTIL MUNDO MAGICO;3;1;0;0;0;0;0;0;0;0;0;0;0;0;0;0;0;0;0;0;0;0;0;1;1;0;0;1;0;0;1;0;0;85;85;0;85;0;0;0;0;0;1;0;0;0;0;0;6;0;0;0;0;1;6;0;0;0;0;1
2016;Carlos Chagas;3113701;Vale do Mucuri;3104;Nanuque;31016;31146552;ESCOLA MUNICIPAL MARIA RIBEIRO TAVARES;3;1;0;0;0;0;0;1;1;0;1;1;0;0;0;1;1;0;1;1;0;1;1;1;1;1;1;1;0;0;1;0;0;317;77;0;77;240;240;0;0;0;15;0;0;1;1;0;4;10;10;0;0;8;4;10;10;0;0;8
2016;Carlos Chagas;3113701;Vale do Mucuri;3104;Nanuque;31016;31146587;EM DR MANOEL ESTEVES OTONI;3;1;0;0;0;0;0;1;1;0;0;0;0;0;0;0;1;0;1;1;0;1;1;1;1;1;1;1;0;0;1;0;0;377;0;0;0;377;155;222;0;0;13;0;0;0;0;0;0;17;6;12;0;14;0;14;6;8;0;8
2016;Carlos Chagas;3113701;Vale do Mucuri;3104;Nanuque;31016;31146609;EM AYMAR WESTIN NOBRE;3;1;0;0;0;1;0;0;0;0;1;0;1;0;1;0;1;0;1;1;0;1;1;1;1;1;1;1;0;0;1;0;0;205;0;0;0;205;205;0;0;0;6;0;0;0;0;0;0;6;6;0;0;2;0;8;8;0;0;3
2016;Carlos Chagas;3113701;Vale do Mucuri;3104;Nanuque;31016;31146617;EM PRES TANCREDO NEVES;3;1;0;0;0;0;0;1;1;0;0;0;0;0;0;0;1;0;1;0;0;1;1;1;1;1;1;1;0;1;1;0;0;120;21;0;21;99;66;33;0;0;7;0;0;43;21;22;1;11;1;10;0;8;1;6;1;5;0;3
2016;Carlos Chagas;3113701;Vale do Mucuri;3104;Nanuque;31016;31146641;EM DO POV DE FRANCISCO SA;3;1;0;0;0;1;0;1;1;0;1;0;0;0;0;0;1;0;0;0;0;1;1;1;1;0;1;1;0;0;1;0;0;63;9;0;9;54;54;0;0;0;0;0;0;0;0;0;1;3;1;2;0;0;1;3;1;2;0;0
2016;Carlos Chagas;3113701;Vale do Mucuri;3104;Nanuque;31016;31150924;EM BRAZILINO RODRIGUES DE SOUZA;3;1;0;0;0;1;0;1;1;0;1;0;1;0;1;0;1;0;1;0;0;1;1;1;1;1;1;1;0;0;1;0;0;112;9;0;9;103;60;43;0;0;14;0;0;0;0;0;1;10;3;8;0;9;1;8;3;5;0;5
2016;Carlos Chagas;3113701;Vale do Mucuri;3104;Nanuque;31016;31151017;EM NAGIB LAUAR;3;1;0;0;0;0;0;0;0;0;1;0;0;0;0;0;0;0;0;0;0;1;1;1;1;0;1;1;0;0;1;0;0;14;0;0;0;14;14;0;0;0;0;0;0;0;0;0;0;1;0;1;0;0;0;1;0;1;0;0
2016;Carlos Chagas;3113701;Vale do Mucuri;3104;Nanuque;31016;31151025;EM OSCAR JOAO KRETLI;3;1;0;0;0;1;0;1;1;0;0;0;1;0;1;0;1;0;1;0;0;1;1;0;1;0;1;1;0;0;1;0;0;177;15;0;15;162;87;75;0;0;1;0;0;0;0;0;1;13;5;8;0;1;1;9;5;4;0;1
2016;Carlos Chagas;3113701;Vale do Mucuri;3104;Nanuque;31016;31151220;EM SAO JOSE;3;1;0;0;0;0;0;0;0;0;1;0;0;0;0;0;0;0;0;0;0;1;1;0;1;0;0;1;0;0;1;0;0;53;0;0;0;53;53;0;0;0;1;0;0;0;0;0;0;4;0;4;0;1;0;4;0;4;0;1
2016;Carlos Chagas;3113701;Vale do Mucuri;3104;Nanuque;31016;31213187;PEM SITIO DO PICA PAU AMARELO;3;1;0;0;0;0;0;0;0;0;0;0;0;0;0;0;1;0;0;0;0;0;1;1;1;0;0;1;0;0;1;0;0;29;29;0;29;0;0;0;0;0;0;0;0;0;0;0;1;0;0;0;0;0;1;0;0;0;0;0
2016;Carlos Chagas;3113701;Vale do Mucuri;3104;Nanuque;31016;31213209;PEM GERALDA SYRLENE BATISTA NORTE;3;1;0;0;0;0;0;0;0;0;0;0;0;0;0;0;0;0;0;1;0;1;1;0;1;0;1;1;0;0;1;0;0;96;96;0;96;0;0;0;0;0;0;0;0;0;0;0;4;0;0;0;0;0;5;0;0;0;0;0
2016;Carlos Chagas;3113701;Vale do Mucuri;3104;Nanuque;31016;31213217;PEM CACHINHOS DE OURO;3;1;0;0;0;0;0;1;1;0;0;0;0;0;0;1;0;0;1;1;0;0;1;0;1;1;0;1;0;0;1;0;0;17;17;0;17;0;0;0;0;0;0;0;0;0;0;0;1;0;0;0;0;0;1;0;0;0;0;0
2016;Carlos Chagas;3113701;Vale do Mucuri;3104;Nanuque;31016;31279161;EM PROFA ARMINDA LOPES RIBEIRO;3;1;0;0;0;0;0;1;1;0;1;1;1;1;0;0;1;0;1;1;0;1;1;1;1;1;1;1;0;0;1;0;0;389;106;0;106;266;266;0;0;17;11;0;0;0;0;0;4;8;8;0;1;5;5;11;11;0;1;5
2016;Carlos Chagas;3113701;Vale do Mucuri;3104;Nanuque;31016;31350036;CENTRO MUNICIPAL DE EDUCACAO INFANTIL ELIR DE CASTRO PINTO;3;1;0;0;0;0;0;0;0;0;0;0;0;0;0;1;1;0;0;0;0;1;1;0;1;0;0;1;0;0;1;0;0;54;54;54;0;0;0;0;0;0;0;0;0;0;0;0;3;0;0;0;0;0;4;0;0;0;0;0
2016;Carlos Chagas;3113701;Vale do Mucuri;3104;Nanuque;31016;31365440;EM NELSON LISBOA DE MATOS;3;1;0;0;0;0;0;1;1;0;0;0;0;0;0;1;0;0;1;1;0;1;1;0;1;0;0;1;0;0;1;0;0;68;0;0;0;68;68;0;0;0;0;0;0;0;0;0;0;4;3;1;0;0;0;4;3;1;0;0
2016;Catuji;3115458;Vale do Mucuri;3104;Teófilo Otoni;31015;31151921;EM ANTONIO NUNES;3;1;0;0;0;0;0;0;0;0;0;0;0;0;0;0;0;0;0;0;0;0;0;0;1;0;0;1;0;0;1;0;0;19;0;0;0;19;19;0;0;0;0;0;0;0;0;0;0;1;0;1;0;0;0;1;0;1;0;0
2016;Catuji;3115458;Vale do Mucuri;3104;Teófilo Otoni;31015;31151955;EM MARGARIDA BARROS;3;1;0;0;0;0;0;0;0;0;0;0;0;0;0;0;0;0;0;0;0;0;1;0;1;0;0;1;0;1;1;0;0;55;13;0;13;42;42;0;0;0;0;0;0;14;14;0;1;4;2;3;0;0;1;3;1;2;0;0
2016;Catuji;3115458;Vale do Mucuri;3104;Teófilo Otoni;31015;31152005;EM COSTA E SILVA;3;1;0;0;0;0;0;0;0;0;0;0;0;0;0;0;0;0;0;0;0;0;1;0;1;0;0;1;0;1;1;0;0;58;13;0;13;45;45;0;0;0;1;0;0;7;7;0;1;4;2;3;0;1;1;3;1;2;0;1
2016;Catuji;3115458;Vale do Mucuri;3104;Teófilo Otoni;31015;31152048;EM ELIESER PINHEIRO;3;1;0;0;0;0;0;0;0;0;0;0;0;0;0;0;0;0;0;0;0;0;0;0;1;0;0;1;0;0;1;0;0;32;19;0;19;13;13;0;0;0;0;0;0;0;0;0;1;2;0;2;0;0;1;1;0;1;0;0
2016;Catuji;3115458;Vale do Mucuri;3104;Teófilo Otoni;31015;31152081;EM FRANCISCO RODRIGUES;3;1;0;0;0;0;0;0;0;0;0;0;0;0;0;0;0;0;0;0;0;0;1;0;1;0;0;1;0;1;1;0;0;55;11;0;11;44;44;0;0;0;1;0;0;21;21;0;1;4;1;3;0;1;1;4;1;3;0;1
2016;Catuji;3115458;Vale do Mucuri;3104;Teófilo Otoni;31015;31152099;EM PORFIRIO FERREIRA;3;1;0;0;0;0;0;1;1;0;0;0;1;0;1;0;0;0;1;1;1;1;1;0;1;1;0;1;0;1;1;0;0;88;19;0;19;69;69;0;0;0;1;0;0;19;19;0;1;6;5;2;0;2;1;5;4;1;0;1
2016;Catuji;3115458;Vale do Mucuri;3104;Teófilo Otoni;31015;31152102;EM FREI ALVARO;3;1;0;0;0;0;0;0;0;0;0;0;0;0;0;0;0;0;0;0;0;0;1;0;1;0;0;1;0;1;1;0;0;51;16;0;16;35;35;0;0;0;0;0;0;15;15;0;1;3;0;3;0;0;1;2;0;2;0;0
2016;Catuji;3115458;Vale do Mucuri;3104;Teófilo Otoni;31015;31152170;EM JUSCELINO KUBITCHECK;3;1;0;0;0;0;0;0;0;0;0;0;0;0;0;0;0;0;0;0;0;0;0;0;0;0;0;1;0;0;1;0;0;10;0;0;0;10;10;0;0;0;3;0;0;0;0;0;0;1;0;1;0;1;0;1;0;1;0;1
2016;Catuji;3115458;Vale do Mucuri;3104;Teófilo Otoni;31015;31152242;EM JOAQUIM MOREIRA;3;1;0;0;0;0;0;0;0;0;0;0;0;0;0;0;0;0;0;0;0;0;0;0;1;0;0;1;0;0;1;0;0;10;0;0;0;10;10;0;0;0;0;0;0;0;0;0;0;1;0;1;0;0;0;1;0;1;0;0
2016;Catuji;3115458;Vale do Mucuri;3104;Teófilo Otoni;31015;31152331;EM JOSE LOPES GOMES;3;1;0;0;0;0;0;0;0;0;0;0;0;0;0;0;0;0;0;0;0;1;1;0;1;0;0;1;0;1;1;0;0;120;17;0;17;55;55;0;0;48;0;0;0;20;20;0;1;4;2;3;6;0;1;3;1;2;3;0
2016;Catuji;3115458;Vale do Mucuri;3104;Teófilo Otoni;31015;31290386;CENTRO INFANTIL MUNICIPAL PRIMEIROS PASSOS;3;1;0;0;0;0;0;0;0;0;0;0;0;0;0;0;0;0;1;0;0;0;1;0;1;0;0;1;0;0;1;0;0;176;176;30;146;0;0;0;0;0;3;0;0;0;0;0;10;0;0;0;0;2;10;0;0;0;0;2
2016;Catuji;3115458;Vale do Mucuri;3104;Teófilo Otoni;31015;31326771;EM DE ENSINO FUNDAMENTAL DE CATUJI;3;1;0;0;0;0;0;0;0;0;0;0;1;1;0;0;0;0;1;0;0;1;0;1;1;0;1;1;1;1;1;0;0;313;0;0;0;313;313;0;0;0;10;0;0;22;22;0;0;18;18;0;0;11;0;14;14;0;0;7
2016;Crisólita;3120151;Vale do Mucuri;3104;Nanuque;31016;31145971;ESCOLA MUNICIPAL DA FAZENDA AVENIDA;3;1;0;0;0;0;0;1;1;0;0;0;0;0;0;1;1;0;1;1;0;0;1;0;1;0;0;1;0;0;1;0;0;411;37;0;37;343;155;188;0;31;8;22;0;0;0;0;2;24;11;14;1;16;2;17;9;8;1;5
2016;Crisólita;3120151;Vale do Mucuri;3104;Nanuque;31016;31148920;EM OTELINO PAIXAO DIAS;3;1;0;0;0;0;0;0;0;0;0;0;0;0;0;0;0;0;0;0;0;0;0;0;0;0;0;1;0;0;1;0;0;12;0;0;0;12;12;0;0;0;0;0;0;0;0;0;0;1;0;1;0;0;0;1;0;1;0;0
2016;Crisólita;3120151;Vale do Mucuri;3104;Nanuque;31016;31277118;PEM GENTE INOCENTE;3;1;0;0;0;1;0;1;1;0;0;0;0;0;0;1;1;0;1;1;0;0;0;0;0;0;0;1;0;0;1;0;0;85;85;0;85;0;0;0;0;0;0;5;0;0;0;0;5;0;0;0;0;0;4;0;0;0;0;0
2016;Crisólita;3120151;Vale do Mucuri;3104;Nanuque;31016;31289469;CRECHE MUN PEIXINHO DOURADO;3;1;0;0;0;0;0;0;0;0;0;0;0;0;0;0;0;0;0;0;0;0;0;0;0;0;0;1;0;1;1;0;0;55;55;55;0;0;0;0;0;0;0;55;55;0;0;0;1;0;0;0;0;0;1;0;0;0;0;0
2016;Crisólita;3120151;Vale do Mucuri;3104;Nanuque;31016;31289477;CRECHE CIRANDINHA;3;1;0;0;0;0;0;0;0;0;0;0;0;0;0;1;0;0;1;0;0;0;0;0;1;0;0;1;0;1;1;0;0;31;31;31;0;0;0;0;0;0;0;31;31;0;0;0;1;0;0;0;0;0;1;0;0;0;0;0
2016;Crisólita;3120151;Vale do Mucuri;3104;Nanuque;31016;31349704;EM JOAO GONCALVES DA ROCHA;3;1;0;0;0;0;0;1;1;0;0;0;0;0;0;1;1;0;1;1;0;1;1;0;1;1;1;1;0;0;1;0;0;285;0;0;0;285;285;0;0;0;6;0;0;0;0;0;0;14;14;0;0;7;0;13;13;0;0;5
2016;Franciscópolis;3126752;Vale do Mucuri;3104;Teófilo Otoni;31015;31154148;EM PEDRO CORDEIRO;3;1;0;0;0;0;0;0;0;0;0;0;0;0;0;0;0;0;0;0;0;1;0;1;0;0;0;1;0;0;1;0;0;35;0;0;0;35;35;0;0;0;1;0;0;0;0;0;0;3;0;3;0;1;0;3;0;3;0;1
2016;Franciscópolis;3126752;Vale do Mucuri;3104;Teófilo Otoni;31015;31154253;EM VICENTE MACEDO;3;1;0;0;0;0;0;0;0;0;1;0;1;1;0;0;1;0;1;0;1;1;1;1;1;1;1;1;1;0;1;0;0;289;0;0;0;289;289;0;0;0;13;0;0;0;0;0;0;17;16;1;0;10;0;14;13;1;0;7
2016;Franciscópolis;3126752;Vale do Mucuri;3104;Teófilo Otoni;31015;31211320;EM CONSTANCIA DA SILVA ROCHA;3;1;0;0;0;0;0;0;0;0;0;0;0;0;0;0;0;0;0;0;0;1;1;1;1;0;0;1;0;0;1;0;0;14;0;0;0;14;14;0;0;0;0;0;0;0;0;0;0;1;0;1;0;0;0;1;0;1;0;0
2016;Franciscópolis;3126752;Vale do Mucuri;3104;Teófilo Otoni;31015;31305065;EM MAURICIO ROCHA CARDOSO;3;1;0;0;0;0;0;0;0;0;0;0;0;0;0;0;0;0;0;0;0;1;0;0;0;0;0;1;0;0;1;0;0;8;0;0;0;8;8;0;0;0;0;0;0;0;0;0;0;1;0;1;0;0;0;1;0;1;0;0
2016;Franciscópolis;3126752;Vale do Mucuri;3104;Teófilo Otoni;31015;31350052;EM PROFESSORA AUREA SOUTO;3;1;0;0;0;0;0;1;1;0;1;0;0;0;0;0;1;0;0;0;0;1;1;1;1;0;0;1;0;0;1;0;0;20;0;0;0;20;20;0;0;0;2;0;0;0;0;0;0;2;0;2;0;2;0;2;0;2;0;2
2016;Franciscópolis;3126752;Vale do Mucuri;3104;Teófilo Otoni;31015;31355151;CENTRO MUNICIPAL DE EDUCACAO INFANTIL CRIANCA FELIZ;3;1;0;0;0;0;1;1;1;0;0;1;0;0;0;1;1;1;1;1;0;1;1;1;1;1;1;1;0;0;1;0;0;114;114;0;114;0;0;0;0;0;0;0;0;0;0;0;6;0;0;0;0;0;6;0;0;0;0;0
2016;Franciscópolis;3126752;Vale do Mucuri;3104;Teófilo Otoni;31015;31367168;PEM CRESCER E APRENDER;3;1;0;0;0;0;0;0;0;0;0;0;0;0;0;0;0;0;0;0;0;0;0;1;0;0;0;1;0;0;1;0;0;7;7;0;7;0;0;0;0;0;0;0;0;0;0;0;1;0;0;0;0;0;1;0;0;0;0;0
2016;Frei Gaspar;3126802;Vale do Mucuri;3104;Teófilo Otoni;31015;31151491;EM ALMIRANTE BARROSO;3;1;0;0;0;1;0;1;1;0;0;0;0;0;0;0;1;0;1;0;0;1;1;1;1;0;1;1;0;0;1;0;0;31;5;0;5;26;26;0;0;0;3;0;0;0;0;0;1;4;3;2;0;2;1;3;2;1;0;1
2016;Frei Gaspar;3126802;Vale do Mucuri;3104;Teófilo Otoni;31015;31151556;EM ESTEVAO MONTEIRO;3;1;0;0;0;0;0;1;1;0;0;0;1;0;1;0;1;0;1;1;0;1;1;0;1;0;0;1;0;0;1;0;0;164;33;0;33;131;74;57;0;0;2;0;0;0;0;0;2;11;5;7;0;8;2;9;5;4;0;2
2016;Frei Gaspar;3126802;Vale do Mucuri;3104;Teófilo Otoni;31015;31151564;EM FELICIO LIMA;3;1;0;0;0;0;0;0;0;0;0;0;0;0;0;0;0;0;0;0;0;1;1;0;1;0;0;1;0;0;1;0;0;25;3;0;3;22;22;0;0;0;0;0;0;0;0;0;1;2;1;1;0;0;1;2;1;1;0;0
2016;Frei Gaspar;3126802;Vale do Mucuri;3104;Teófilo Otoni;31015;31151599;EM ZELITA CARLOS DE OLIVEIRA;3;1;0;0;0;0;0;1;1;0;1;0;0;0;0;0;0;0;1;0;0;1;1;0;1;0;1;1;0;0;1;0;0;350;36;0;36;314;157;157;0;0;1;0;0;0;0;0;2;16;8;11;0;8;2;13;7;6;0;1
2016;Frei Gaspar;3126802;Vale do Mucuri;3104;Teófilo Otoni;31015;31151718;EM CASTRO ALVES;3;1;0;0;0;0;0;0;0;0;0;0;0;0;0;0;0;0;0;0;0;1;1;0;1;0;0;1;0;0;1;0;0;23;3;0;3;20;20;0;0;0;0;0;0;0;0;0;1;2;0;2;0;0;1;2;0;2;0;0
2016;Frei Gaspar;3126802;Vale do Mucuri;3104;Teófilo Otoni;31015;31262510;EM LUA DE PAPEL;3;1;0;0;0;1;0;0;0;0;0;0;0;0;0;0;1;0;1;0;0;1;1;1;1;0;1;1;0;0;1;0;0;164;62;0;62;102;102;0;0;0;1;10;0;0;0;0;4;6;6;0;0;2;4;5;5;0;0;1
2016;Frei Gaspar;3126802;Vale do Mucuri;3104;Teófilo Otoni;31015;31345300;CENTRO DE EDUCACAO INFANTIL VO CAIA;3;1;0;0;0;0;0;0;1;0;0;1;0;0;0;0;0;1;0;0;0;1;1;0;1;0;1;1;0;1;1;0;0;29;29;19;10;0;0;0;0;0;0;0;0;0;0;0;1;0;0;0;0;0;1;0;0;0;0;0
2016;Fronteira dos Vales;3127057;Vale do Mucuri;3104;Nanuque;31016;31146722;EM DE MONTE CASTELO;3;1;0;0;0;0;0;0;0;0;0;0;0;0;0;0;1;0;0;0;0;1;1;0;1;0;1;1;0;0;1;0;0;176;0;0;0;176;81;95;0;0;0;0;0;0;0;0;0;16;5;11;0;0;0;11;5;6;0;0
2016;Fronteira dos Vales;3127057;Vale do Mucuri;3104;Nanuque;31016;31151734;EM AGENOR BATISTA DA CRUZ;3;1;0;0;0;0;0;0;0;0;0;0;0;0;0;0;0;0;0;0;0;0;0;0;0;0;0;1;0;0;1;0;0;12;0;0;0;12;12;0;0;0;0;0;0;0;0;0;0;1;0;1;0;0;0;1;0;1;0;0
2016;Fronteira dos Vales;3127057;Vale do Mucuri;3104;Nanuque;31016;31151777;EM FRONTEIRA DOS VALES;3;1;0;0;0;0;0;0;0;0;0;0;0;0;0;0;1;0;1;1;0;1;1;0;1;0;1;1;0;0;1;0;0;139;0;0;0;133;133;0;0;6;3;0;0;0;0;0;0;9;9;0;1;4;0;8;8;0;1;3
2016;Fronteira dos Vales;3127057;Vale do Mucuri;3104;Nanuque;31016;31151866;EM PRES KENNEDY;3;1;0;0;0;0;0;0;0;0;0;0;0;0;0;0;0;0;0;0;0;0;0;0;0;0;0;1;0;0;1;0;0;11;0;0;0;11;11;0;0;0;0;0;0;0;0;0;0;1;0;1;0;0;0;1;0;1;0;0
2016;Fronteira dos Vales;3127057;Vale do Mucuri;3104;Nanuque;31016;31235661;PEM VOVO DONANA;3;1;0;0;0;0;0;0;0;0;0;0;0;0;0;0;0;0;0;0;0;0;0;0;1;0;0;1;0;0;1;0;0;96;96;0;96;0;0;0;0;0;0;0;0;0;0;0;6;0;0;0;0;0;6;0;0;0;0;0
2016;Itaipé;3132305;Vale do Mucuri;3104;Teófilo Otoni;31015;31151904;EM ANTONIO INACIO;3;1;0;0;0;0;0;0;0;0;0;0;0;0;0;0;0;0;0;0;0;0;0;0;0;0;0;1;0;0;1;0;0;22;0;0;0;22;22;0;0;0;0;0;0;0;0;0;0;2;0;2;0;0;0;2;0;2;0;0
2016;Itaipé;3132305;Vale do Mucuri;3104;Teófilo Otoni;31015;31151947;EM ANTONIO DOS SANTOS;3;1;0;0;0;0;0;0;0;0;0;0;0;0;0;0;0;0;0;0;0;0;0;0;0;0;0;1;0;0;1;0;0;55;0;0;0;55;55;0;0;0;1;0;0;0;0;0;0;4;0;4;0;1;0;4;0;4;0;1
2016;Itaipé;3132305;Vale do Mucuri;3104;Teófilo Otoni;31015;31151971;EM MARIA ANGELA;3;1;0;0;0;0;0;0;0;0;0;0;0;0;0;0;0;0;0;0;0;0;0;0;1;0;0;1;0;0;1;0;0;51;0;0;0;51;51;0;0;0;0;0;0;0;0;0;0;3;0;3;0;0;0;3;0;3;0;0
2016;Itaipé;3132305;Vale do Mucuri;3104;Teófilo Otoni;31015;31151980;EM CLEMENTE DIAS;3;1;0;0;0;0;0;0;0;0;0;0;0;0;0;0;0;0;0;0;0;0;0;0;0;0;0;1;0;0;1;0;0;38;0;0;0;38;38;0;0;0;0;0;0;0;0;0;0;3;0;3;0;0;0;3;0;3;0;0
2016;Itaipé;3132305;Vale do Mucuri;3104;Teófilo Otoni;31015;31152064;EM EPAMINONDAS RAMOS;3;1;0;0;0;0;0;0;0;0;0;0;0;0;0;0;0;0;0;0;0;0;0;0;0;0;0;1;0;0;1;0;0;12;0;0;0;12;12;0;0;0;0;0;0;0;0;0;0;1;0;1;0;0;0;1;0;1;0;0
2016;Itaipé;3132305;Vale do Mucuri;3104;Teófilo Otoni;31015;31152111;EM SABINO GOMES;3;1;0;0;0;0;0;0;0;0;0;0;0;0;0;0;0;0;0;0;0;0;0;0;0;0;0;1;0;0;1;0;0;26;0;0;0;26;26;0;0;0;0;0;0;0;0;0;0;1;0;1;0;0;0;2;0;2;0;0
2016;Itaipé;3132305;Vale do Mucuri;3104;Teófilo Otoni;31015;31152145;EM GERMANO BARBOSA;3;1;0;0;0;0;0;0;0;0;0;0;0;0;0;0;1;0;1;0;0;0;0;0;1;0;0;1;0;0;1;0;0;32;0;0;0;32;32;0;0;0;0;0;0;0;0;0;0;2;0;2;0;0;0;2;0;2;0;0
2016;Itaipé;3132305;Vale do Mucuri;3104;Teófilo Otoni;31015;31152153;EM SIMAO TAVARES;3;1;0;0;0;0;0;0;0;0;0;0;0;0;0;0;0;0;0;0;0;0;0;0;0;0;0;1;0;0;1;0;0;41;0;0;0;41;41;0;0;0;1;0;0;0;0;0;0;3;0;3;0;1;0;3;0;3;0;1
2016;Itaipé;3132305;Vale do Mucuri;3104;Teófilo Otoni;31015;31152188;EM HOMERO LUIZ;3;1;0;0;0;0;0;0;0;0;0;0;0;0;0;0;0;0;0;0;0;0;0;0;0;0;0;1;0;0;1;0;0;21;0;0;0;21;21;0;0;0;0;0;0;0;0;0;0;1;0;1;0;0;0;1;0;1;0;0
2016;Itaipé;3132305;Vale do Mucuri;3104;Teófilo Otoni;31015;31152234;EM JOSE RAMOS;3;1;0;0;0;0;0;0;0;0;0;0;0;0;0;0;0;0;0;0;0;0;0;0;1;0;0;1;0;0;1;0;0;50;0;0;0;50;50;0;0;0;0;0;0;0;0;0;0;3;0;3;0;0;0;3;0;3;0;0
2016;Itaipé;3132305;Vale do Mucuri;3104;Teófilo Otoni;31015;31152315;EM FELISBINO DUARTE;3;1;0;0;0;0;0;0;0;0;0;0;0;0;0;0;0;0;0;0;0;0;0;0;0;0;0;1;0;0;1;0;0;19;0;0;0;19;19;0;0;0;0;0;0;0;0;0;0;1;0;1;0;0;0;1;0;1;0;0
2016;Itaipé;3132305;Vale do Mucuri;3104;Teófilo Otoni;31015;31237132;EM PROFESSORA DORALICE LUIZ;3;1;0;0;0;0;0;0;0;0;0;0;0;0;0;0;0;0;0;0;0;0;0;0;0;0;0;1;0;0;1;0;0;35;0;0;0;35;35;0;0;0;0;0;0;0;0;0;0;2;0;2;0;0;0;2;0;2;0;0
2016;Itaipé;3132305;Vale do Mucuri;3104;Teófilo Otoni;31015;31240826;EM JOSE GOMES SANTIADO;3;1;0;0;0;0;0;0;0;0;0;0;0;0;0;0;0;0;0;0;0;0;0;0;0;0;0;1;0;0;1;0;0;20;0;0;0;20;20;0;0;0;0;0;0;0;0;0;0;1;0;1;0;0;0;1;0;1;0;0
2016;Itaipé;3132305;Vale do Mucuri;3104;Teófilo Otoni;31015;31307246;PEM PRINCIPE DA PAZ;3;1;0;0;0;0;0;0;0;0;0;0;0;0;0;0;0;0;0;0;0;0;0;0;1;0;0;1;0;0;1;0;0;130;130;0;130;0;0;0;0;0;3;0;0;0;0;0;10;0;0;0;0;3;10;0;0;0;0;3
2016;Itaipé;3132305;Vale do Mucuri;3104;Teófilo Otoni;31015;31338478;EM MARIA DE FATIMA BATISTA MATIAS;3;1;0;0;0;0;0;1;1;0;0;0;1;1;0;1;1;0;1;1;1;1;1;1;1;1;1;1;1;0;1;0;0;867;0;0;0;788;275;513;0;79;15;0;0;0;0;0;0;46;18;30;10;28;0;35;15;20;3;10
2016;Itaipé;3132305;Vale do Mucuri;3104;Teófilo Otoni;31015;31343609;EM JOAQUIM LUIZ;3;1;0;0;0;0;0;0;0;0;0;0;0;0;0;0;0;0;0;0;0;0;0;0;0;0;0;1;0;0;1;0;0;34;0;0;0;34;34;0;0;0;0;0;0;0;0;0;0;1;0;1;0;0;0;2;0;2;0;0
2016;Ladainha;3137007;Vale do Mucuri;3104;Teófilo Otoni;31015;31153575;EM AMERICO RAMOS TAIPINA;3;1;0;0;0;0;0;0;0;0;0;0;0;0;0;0;0;0;0;0;0;1;0;0;0;0;0;1;0;0;1;0;0;27;0;0;0;27;27;0;0;0;0;0;0;0;0;0;0;2;0;2;0;0;0;2;0;2;0;0
2016;Ladainha;3137007;Vale do Mucuri;3104;Teófilo Otoni;31015;31153605;EM CEL RIBEIRO;3;1;0;0;0;0;0;0;0;0;0;0;0;0;0;0;0;0;0;0;0;1;0;0;0;0;0;1;0;0;1;0;0;30;0;0;0;30;30;0;0;0;0;0;0;0;0;0;0;2;0;2;0;0;0;2;0;2;0;0
2016;Ladainha;3137007;Vale do Mucuri;3104;Teófilo Otoni;31015;31153630;EM ESTEVAM COSTA BARREIROS;3;1;0;0;0;0;0;0;0;0;0;0;0;0;0;0;0;0;0;0;0;0;0;0;0;0;0;1;0;0;1;0;0;6;0;0;0;6;6;0;0;0;0;0;0;0;0;0;0;1;0;1;0;0;0;1;0;1;0;0
2016;Ladainha;3137007;Vale do Mucuri;3104;Teófilo Otoni;31015;31153648;EM GENESCO FERREIRA FARIA;3;1;0;0;0;0;0;0;0;0;0;0;0;0;0;0;0;0;0;0;0;1;0;0;0;0;0;1;0;0;1;0;0;97;17;0;17;80;80;0;0;0;0;0;0;0;0;0;1;5;0;5;0;0;1;5;0;5;0;0
2016;Ladainha;3137007;Vale do Mucuri;3104;Teófilo Otoni;31015;31153664;EM JOAO SOARES ALCANTARA;3;1;0;0;0;0;0;0;0;0;0;0;0;0;0;0;0;0;0;0;0;0;0;0;0;0;0;1;0;0;1;0;0;8;0;0;0;8;8;0;0;0;0;0;0;0;0;0;0;1;0;1;0;0;0;1;0;1;0;0
2016;Ladainha;3137007;Vale do Mucuri;3104;Teófilo Otoni;31015;31153681;EM MARIO FERREIRA GUIMARAES;3;1;0;0;0;0;0;0;0;0;0;0;0;0;0;0;0;0;0;0;0;1;0;0;0;0;0;1;0;0;1;0;0;28;0;0;0;28;28;0;0;0;0;0;0;0;0;0;0;2;0;2;0;0;0;2;0;2;0;0
2016;Ladainha;3137007;Vale do Mucuri;3104;Teófilo Otoni;31015;31153699;EM PROF ANTONIO ELIAS;3;1;0;0;0;0;0;0;0;0;0;0;0;0;0;0;0;0;0;0;0;1;0;1;1;0;0;1;0;0;1;0;0;68;14;0;14;54;54;0;0;0;2;0;0;0;0;0;1;4;0;4;0;2;1;3;0;3;0;1
2016;Ladainha;3137007;Vale do Mucuri;3104;Teófilo Otoni;31015;31153711;EM SEBASTIAO PEREIRA CAMPOS;3;1;0;0;0;1;0;1;1;0;0;1;1;1;0;1;1;0;1;1;0;1;1;0;1;1;1;1;0;0;1;0;0;435;39;0;39;396;148;248;0;0;1;0;0;0;0;0;3;20;8;16;0;8;3;19;8;11;0;1
2016;Ladainha;3137007;Vale do Mucuri;3104;Teófilo Otoni;31015;31153737;EM AGOSTINHO SEVERO;3;1;0;0;0;0;0;0;0;0;0;0;0;0;0;1;0;0;0;0;0;1;0;0;1;0;0;1;0;0;1;0;0;124;26;0;26;73;73;0;0;25;0;0;0;0;0;0;2;4;0;4;1;0;2;4;0;4;1;0
2016;Ladainha;3137007;Vale do Mucuri;3104;Teófilo Otoni;31015;31153753;E M MAJOR TAVARES;3;1;0;0;0;0;0;0;0;0;0;0;0;0;0;0;0;0;0;0;0;0;0;0;1;0;0;1;0;0;1;0;0;46;0;0;0;16;16;0;0;30;0;0;0;0;0;0;0;1;0;1;3;0;0;1;0;1;3;0
2016;Ladainha;3137007;Vale do Mucuri;3104;Teófilo Otoni;31015;31153761;EM N SRA APARECIDA;3;1;0;0;0;0;0;0;0;0;0;0;0;0;0;0;0;0;0;0;0;1;0;1;1;0;0;1;0;0;1;0;0;45;11;0;11;34;34;0;0;0;0;0;0;0;0;0;1;2;0;2;0;0;1;2;0;2;0;0
2016;Ladainha;3137007;Vale do Mucuri;3104;Teófilo Otoni;31015;31153770;EM PROF INACIO ZACARIAS;3;1;0;0;0;0;0;0;0;0;0;0;0;0;0;0;0;0;0;0;0;1;0;0;0;0;0;1;0;0;1;0;0;6;0;0;0;6;6;0;0;0;0;0;0;0;0;0;0;1;0;1;0;0;0;1;0;1;0;0
2016;Ladainha;3137007;Vale do Mucuri;3104;Teófilo Otoni;31015;31153796;EM VIRGILIO RODRIGUES;3;1;0;0;0;0;0;0;0;0;0;0;0;0;0;0;0;0;0;0;0;1;0;0;0;0;0;1;0;0;1;0;0;9;0;0;0;9;9;0;0;0;0;0;0;0;0;0;0;1;0;1;0;0;0;1;0;1;0;0
2016;Ladainha;3137007;Vale do Mucuri;3104;Teófilo Otoni;31015;31153800;EM ANTONIO AVELINO;3;1;0;0;0;0;0;0;0;0;0;0;0;0;0;0;0;0;0;0;0;1;0;0;1;0;0;1;0;0;1;0;0;10;0;0;0;10;10;0;0;0;0;0;0;0;0;0;0;1;0;1;0;0;0;1;0;1;0;0
2016;Ladainha;3137007;Vale do Mucuri;3104;Teófilo Otoni;31015;31153818;EM DR NEOFITO CALDAS;3;1;0;0;0;0;0;0;0;0;0;0;0;0;0;0;0;0;0;0;0;1;0;0;0;0;0;1;0;0;1;0;0;21;0;0;0;21;21;0;0;0;0;0;0;0;0;0;0;2;0;2;0;0;0;2;0;2;0;0
2016;Ladainha;3137007;Vale do Mucuri;3104;Teófilo Otoni;31015;31153826;EM EDMUNDO CAMPAGNANI;3;1;0;0;0;0;0;0;0;0;0;0;0;0;0;0;0;0;0;0;0;1;0;0;0;0;0;1;0;0;1;0;0;35;0;0;0;35;35;0;0;0;0;0;0;0;0;0;0;2;0;2;0;0;0;2;0;2;0;0
2016;Ladainha;3137007;Vale do Mucuri;3104;Teófilo Otoni;31015;31153842;EM MANOEL MACHADO;3;1;0;0;1;0;0;0;0;0;0;0;0;0;0;0;0;0;0;0;0;1;0;0;0;0;0;1;0;0;1;0;0;26;0;0;0;26;26;0;0;0;0;0;0;0;0;0;0;1;0;1;0;0;0;1;0;1;0;0
2016;Ladainha;3137007;Vale do Mucuri;3104;Teófilo Otoni;31015;31153851;EM TELEMACO ESTEVES GUIMARAES;3;1;0;0;0;0;0;0;0;0;0;0;0;0;0;0;0;0;0;0;0;1;1;0;0;0;0;1;0;0;1;0;0;76;15;0;15;61;61;0;0;0;0;0;0;0;0;0;1;3;0;3;0;0;1;3;0;3;0;0
2016;Ladainha;3137007;Vale do Mucuri;3104;Teófilo Otoni;31015;31153869;EM EVILASIO FERREIRA;3;1;0;0;0;0;0;0;0;0;0;0;0;0;0;0;0;0;0;0;0;1;0;0;0;0;0;1;0;0;1;0;0;55;15;0;15;40;40;0;0;0;1;0;0;0;0;0;1;2;0;2;0;1;1;2;0;2;0;1
2016;Ladainha;3137007;Vale do Mucuri;3104;Teófilo Otoni;31015;31153877;EM ULISSES ESTEVES COSTA;3;1;0;0;0;0;0;0;0;0;0;0;0;0;0;0;0;0;0;0;0;1;0;1;1;0;0;1;0;0;1;0;0;92;26;0;26;66;66;0;0;0;0;0;0;0;0;0;2;3;0;3;0;0;2;4;0;4;0;0
2016;Ladainha;3137007;Vale do Mucuri;3104;Teófilo Otoni;31015;31289370;CRECHE MUN COM BOA ESPERANCA;3;1;0;0;0;0;0;0;0;0;0;0;0;0;0;1;1;0;0;1;0;1;0;0;1;0;0;1;0;0;1;0;0;121;121;121;0;0;0;0;0;0;1;53;53;0;0;0;11;0;0;0;0;1;7;0;0;0;0;1
2016;Ladainha;3137007;Vale do Mucuri;3104;Teófilo Otoni;31015;31294527;PEM CRIANCA FELIZ;3;1;0;0;0;0;0;0;0;0;0;0;0;0;0;1;1;0;1;1;0;1;1;0;1;0;1;1;0;0;1;0;0;120;120;0;120;0;0;0;0;0;2;0;0;0;0;0;8;0;0;0;0;3;7;0;0;0;0;2
2016;Ladainha;3137007;Vale do Mucuri;3104;Teófilo Otoni;31015;31353442;PEM CONCORDIA DO MUCURI;3;1;0;0;0;1;0;1;1;0;0;0;0;0;0;1;1;0;1;1;0;1;1;0;1;1;0;1;0;0;1;0;0;83;83;25;58;0;0;0;0;0;0;83;25;0;0;0;8;0;0;0;0;0;5;0;0;0;0;0
2016;Machacalis;3138906;Vale do Mucuri;3104;Nanuque;31016;31147125;EM DONA MARICOTA PINTO;3;1;0;0;0;0;0;0;0;0;0;0;0;0;0;0;1;0;1;1;1;1;1;1;1;0;1;1;0;0;1;0;0;325;0;0;0;304;304;0;0;21;12;0;0;0;0;0;0;12;12;0;1;7;0;12;12;0;1;7
2016;Machacalis;3138906;Vale do Mucuri;3104;Nanuque;31016;31153923;EM FREI LAURO;3;1;0;0;0;1;0;0;1;0;1;0;0;0;0;1;1;1;1;0;0;1;1;1;1;0;0;1;0;0;1;0;0;91;15;0;15;51;51;0;0;25;0;0;0;0;0;0;1;4;4;0;4;0;2;5;5;0;1;0
2016;Machacalis;3138906;Vale do Mucuri;3104;Nanuque;31016;31238210;EM ALAIDE DIAS DOS SANTOS;3;1;0;0;0;1;0;0;0;0;1;0;0;0;0;0;1;0;0;0;0;1;1;1;1;1;1;1;0;0;1;0;0;129;35;0;35;94;94;0;0;0;1;0;0;0;0;0;2;5;5;0;0;2;2;5;5;0;0;1
2016;Machacalis;3138906;Vale do Mucuri;3104;Nanuque;31016;31299219;PRE ESC PINGO DE GENTE;3;1;0;0;0;0;1;1;1;0;0;0;1;0;1;1;1;0;1;1;0;1;1;1;1;1;1;1;0;0;1;0;0;82;82;0;82;0;0;0;0;0;0;0;0;0;0;0;3;0;0;0;0;0;3;0;0;0;0;0
2016;Machacalis;3138906;Vale do Mucuri;3104;Nanuque;31016;31328341;C DE EDUC INF MUN VOVO NORA;3;1;0;0;0;1;1;0;1;0;0;1;0;0;0;1;1;1;0;1;0;1;1;1;1;0;1;1;0;0;1;0;0;104;104;60;44;0;0;0;0;0;0;60;60;0;0;0;6;0;0;0;0;0;6;0;0;0;0;0
2016;Malacacheta;3139201;Vale do Mucuri;3104;Teófilo Otoni;31015;31147257;EM ESTER SANTANA COUY;3;1;0;0;0;0;0;0;0;0;1;0;1;0;1;1;1;0;0;0;0;1;0;1;1;0;0;1;0;0;1;0;0;63;0;0;0;63;63;0;0;0;2;0;0;0;0;0;0;4;2;3;0;3;0;3;1;2;0;2
2016;Malacacheta;3139201;Vale do Mucuri;3104;Teófilo Otoni;31015;31147303;EM PAULO FERREIRA DOS SANTOS;3;1;0;0;0;0;0;0;1;0;1;0;1;0;1;1;0;1;1;0;0;1;0;1;1;0;0;1;0;0;1;0;0;14;0;0;0;14;14;0;0;0;0;0;0;0;0;0;0;2;0;2;0;0;0;1;0;1;0;0
2016;Malacacheta;3139201;Vale do Mucuri;3104;Teófilo Otoni;31015;31154059;EM MANOEL GOMES DE PAULA;3;1;0;0;0;0;0;0;0;0;1;0;0;0;0;1;1;0;1;1;0;1;0;1;1;1;1;1;0;0;1;0;0;186;23;0;23;163;81;82;0;0;8;0;0;0;0;0;1;13;5;10;0;11;1;8;3;5;0;4
2016;Malacacheta;3139201;Vale do Mucuri;3104;Teófilo Otoni;31015;31222151;EM ARISTIDES GOMES PEREIRA;3;1;0;0;0;1;1;1;1;0;1;0;1;0;1;1;1;0;1;1;0;1;0;1;1;1;1;1;0;0;1;0;0;178;15;0;15;163;78;85;0;0;2;0;0;1;1;0;1;14;5;11;0;3;1;8;3;5;0;1
2016;Malacacheta;3139201;Vale do Mucuri;3104;Teófilo Otoni;31015;31265209;CENTRO MUNICIPAL DE EDUCACAO INFANTIL MENINO JESUS;3;1;0;0;0;0;0;0;0;0;1;0;0;0;0;1;1;0;1;1;0;1;1;1;1;1;1;1;0;0;1;0;0;141;141;70;71;0;0;0;0;0;0;16;16;0;0;0;10;0;0;0;0;0;9;0;0;0;0;0
2016;Malacacheta;3139201;Vale do Mucuri;3104;Teófilo Otoni;31015;31265241;PEM PIMPOLANDIA;3;1;0;0;0;0;0;0;0;0;0;0;1;0;1;1;0;0;0;0;0;0;0;1;1;0;0;1;0;0;1;0;0;61;61;0;61;0;0;0;0;0;0;0;0;0;0;0;4;0;0;0;0;0;4;0;0;0;0;0
2016;Malacacheta;3139201;Vale do Mucuri;3104;Teófilo Otoni;31015;31265250;CENTRO MUNICIPAL DE EDUCACAO INFANTIL PIMPOLHO;3;1;0;0;0;1;0;1;1;0;1;1;0;0;0;1;1;1;1;1;0;1;1;1;1;1;1;1;0;0;1;0;0;222;222;94;128;0;0;0;0;0;2;12;12;0;0;0;14;0;0;0;0;2;15;0;0;0;0;2
2016;Malacacheta;3139201;Vale do Mucuri;3104;Teófilo Otoni;31015;31299103;EM EVA RIBEIRO MENDES;3;1;0;0;0;1;1;1;1;0;1;0;1;1;0;1;1;0;0;1;0;1;1;1;1;0;1;1;0;1;1;0;0;241;82;12;70;159;159;0;0;0;2;0;0;26;26;0;9;12;12;0;0;4;5;8;8;0;0;2
2016;Nanuque;3144300;Vale do Mucuri;3104;Nanuque;31016;31154644;EM BOA ESPERANCA;3;1;0;0;0;0;0;1;1;0;0;1;1;0;1;1;1;0;1;1;0;1;1;1;1;1;1;1;0;0;1;0;0;50;16;0;16;34;34;0;0;0;2;16;0;34;34;0;1;5;5;0;0;4;2;5;5;0;0;2
2016;Nanuque;3144300;Vale do Mucuri;3104;Nanuque;31016;31154717;EM SERAFIM MACHADO NAYA;3;1;0;0;0;0;1;1;1;1;1;0;1;1;1;1;1;0;1;1;0;1;1;1;1;1;1;1;0;0;1;0;0;418;0;0;0;418;218;200;0;0;3;0;0;0;0;0;0;28;17;12;0;13;0;21;12;9;0;3
2016;Nanuque;3144300;Vale do Mucuri;3104;Nanuque;31016;31154733;ESCOLA MUNICIPAL MIGUEL VIANA DE OLIVEIRA;3;1;0;0;0;0;1;1;1;0;1;0;0;0;0;1;1;0;1;1;0;1;1;1;1;1;1;1;0;1;1;0;0;269;33;0;33;236;106;130;0;0;5;0;0;77;32;45;4;19;11;11;0;12;2;13;7;6;0;3
2016;Nanuque;3144300;Vale do Mucuri;3104;Nanuque;31016;31228583;EM ZULEIDE MACIEIRA FIGUEIREDO;3;1;0;0;0;0;0;1;1;0;1;0;0;0;0;1;1;0;1;1;0;1;1;1;1;0;1;1;0;0;1;0;0;162;50;0;50;112;112;0;0;0;0;0;0;0;0;0;4;7;7;0;0;0;3;5;5;0;0;0
2016;Nanuque;3144300;Vale do Mucuri;3104;Nanuque;31016;31245402;VOVO IDALIA;3;1;0;0;0;0;0;0;0;0;0;0;0;0;0;1;1;0;0;0;0;1;0;0;0;0;0;1;0;0;1;0;0;33;33;0;33;0;0;0;0;0;0;0;0;0;0;0;2;0;0;0;0;0;2;0;0;0;0;0
2016;Nanuque;3144300;Vale do Mucuri;3104;Nanuque;31016;31245429;C MUN EDUC INF ELENA MONTEIRO;3;1;0;0;0;0;0;0;0;0;0;0;0;0;0;1;1;0;0;0;0;1;0;1;1;0;0;1;0;0;1;0;0;67;67;18;49;0;0;0;0;0;0;18;18;0;0;0;5;0;0;0;0;0;6;0;0;0;0;0
2016;Nanuque;3144300;Vale do Mucuri;3104;Nanuque;31016;31245437;PEM CANTINHO DO SABER;3;1;0;0;0;0;0;0;0;0;0;0;0;0;0;0;0;0;0;1;0;0;0;1;1;0;0;1;0;0;1;0;0;101;101;0;101;0;0;0;0;0;0;0;0;0;0;0;8;0;0;0;0;0;6;0;0;0;0;0
2016;Nanuque;3144300;Vale do Mucuri;3104;Nanuque;31016;31245453;CEMEI TIA ALICE;3;1;0;0;0;0;0;0;0;0;0;0;0;0;0;1;1;0;0;0;0;1;0;1;1;0;1;1;0;0;1;0;0;110;110;31;79;0;0;0;0;0;1;31;31;0;0;0;5;0;0;0;0;2;7;0;0;0;0;1
2016;Nanuque;3144300;Vale do Mucuri;3104;Nanuque;31016;31289299;C MUN EDUC INF IRMA DULCE;3;1;0;0;0;0;0;0;0;0;0;0;0;0;0;1;1;0;0;0;0;1;0;1;1;0;0;1;0;0;1;0;0;79;79;39;40;0;0;0;0;0;2;39;39;0;0;0;4;0;0;0;0;4;6;0;0;0;0;2
2016;Nanuque;3144300;Vale do Mucuri;3104;Nanuque;31016;31289809;C MUN EDUC INF MARIA DE NAZARE;3;1;0;0;0;0;1;0;1;0;0;0;0;0;0;1;1;1;1;1;0;1;0;1;1;0;1;1;0;0;1;0;0;147;147;55;92;0;0;0;0;0;0;55;55;0;0;0;7;0;0;0;0;0;10;0;0;0;0;0
2016;Nanuque;3144300;Vale do Mucuri;3104;Nanuque;31016;31347175;EM VINDILINO LIMA;3;1;0;0;0;0;0;1;1;0;0;0;0;0;0;0;0;0;1;1;0;1;1;1;1;1;1;1;0;0;1;0;0;174;69;0;69;105;105;0;0;0;7;0;0;0;0;0;4;7;7;0;0;8;3;5;5;0;0;5
2016;Nanuque;3144300;Vale do Mucuri;3104;Nanuque;31016;31347795;EM AMERICO MACHADO;3;1;0;0;0;0;0;1;1;0;0;0;0;0;0;1;1;0;1;1;0;1;1;1;1;0;1;1;0;0;1;0;0;511;32;0;32;314;142;172;0;165;12;0;0;0;0;0;2;22;9;13;13;21;2;14;7;7;10;7
2016;Nanuque;3144300;Vale do Mucuri;3104;Nanuque;31016;31356212;CENTRO MUNICIPAL DE EDUCACAO INFANTIL IRMA THEREZINHA;3;1;0;0;0;0;0;0;0;0;0;0;0;0;0;1;1;0;0;0;0;1;1;1;1;0;1;1;0;0;1;0;0;74;74;29;45;0;0;0;0;0;0;29;29;0;0;0;5;0;0;0;0;0;6;0;0;0;0;0
2016;Novo Oriente de Minas;3145356;Vale do Mucuri;3104;Teófilo Otoni;31015;31156744;EM FAISCA;3;1;0;0;0;1;0;0;0;0;0;0;0;0;0;0;0;0;0;0;0;0;0;1;1;0;0;1;0;0;1;0;0;75;11;0;11;64;64;0;0;0;9;0;0;0;0;0;0;5;3;2;0;3;0;5;3;2;0;3
2016;Novo Oriente de Minas;3145356;Vale do Mucuri;3104;Teófilo Otoni;31015;31156779;EM JAMIR ALVES RODRIGUES;3;1;0;0;0;0;0;0;0;0;0;0;0;0;0;0;0;0;0;0;0;1;0;1;1;0;1;1;0;0;1;0;0;20;6;0;6;14;14;0;0;0;3;0;0;0;0;0;0;2;1;1;0;1;0;2;1;1;0;1
2016;Novo Oriente de Minas;3145356;Vale do Mucuri;3104;Teófilo Otoni;31015;31156892;EM MANOEL GONCALVES SOARES;3;1;0;0;0;1;0;0;0;0;0;0;0;0;0;0;1;0;0;0;0;1;1;1;1;0;0;1;0;0;1;0;0;114;13;0;13;101;35;66;0;0;0;0;0;0;0;0;1;16;0;16;0;0;1;10;0;10;0;0
2016;Novo Oriente de Minas;3145356;Vale do Mucuri;3104;Teófilo Otoni;31015;31157074;EM PROFESSOR JOSE MEDEIROS DA SILVA;3;1;0;0;0;0;0;0;0;0;0;0;0;0;0;0;0;0;0;0;0;0;0;1;0;0;0;1;0;0;1;0;0;20;5;0;5;15;15;0;0;0;0;0;0;0;0;0;0;2;1;1;0;0;0;2;1;1;0;0
2016;Novo Oriente de Minas;3145356;Vale do Mucuri;3104;Teófilo Otoni;31015;31157210;EM AMERICANINHA;3;1;0;0;0;0;0;1;1;0;0;0;0;0;0;0;1;0;1;1;1;1;1;1;1;1;1;1;1;0;1;0;0;123;0;0;0;123;123;0;0;0;12;0;0;0;0;0;0;5;5;0;0;4;0;5;5;0;0;4
2016;Novo Oriente de Minas;3145356;Vale do Mucuri;3104;Teófilo Otoni;31015;31157252;EM ANA GOMES GERVASIO;3;1;0;0;0;1;0;0;0;0;0;0;0;0;0;0;0;0;0;0;0;0;0;1;0;0;0;1;0;0;1;0;0;31;5;0;5;26;26;0;0;0;2;0;0;0;0;0;0;2;1;1;0;2;0;2;1;1;0;2
2016;Novo Oriente de Minas;3145356;Vale do Mucuri;3104;Teófilo Otoni;31015;31157279;EM DOMICIO PINTO MIRANDA;3;1;0;0;0;0;0;0;0;0;0;0;0;0;0;0;0;0;0;1;0;1;1;1;1;0;1;1;0;0;1;0;0;94;7;0;7;87;32;55;0;0;0;0;0;0;0;0;0;10;1;9;0;0;0;7;1;6;0;0
2016;Novo Oriente de Minas;3145356;Vale do Mucuri;3104;Teófilo Otoni;31015;31157392;EM DR JOSE FREIRE;3;1;0;0;0;0;0;0;0;0;0;0;0;0;0;0;0;0;1;0;0;1;1;1;1;0;0;1;0;0;1;0;0;11;2;0;2;9;9;0;0;0;0;0;0;0;0;0;0;1;1;0;0;0;0;1;1;0;0;0
2016;Novo Oriente de Minas;3145356;Vale do Mucuri;3104;Teófilo Otoni;31015;31211893;PEM URSINHO PIMPAO;3;1;0;0;0;0;0;0;0;0;0;0;0;0;0;0;1;0;1;0;0;0;0;1;1;0;0;1;0;0;1;0;0;47;47;0;47;0;0;0;0;0;0;0;0;0;0;0;2;0;0;0;0;0;2;0;0;0;0;0
2016;Novo Oriente de Minas;3145356;Vale do Mucuri;3104;Teófilo Otoni;31015;31211923;PEM VOVO JULIO;3;1;0;0;0;0;0;0;0;0;0;0;0;0;0;1;0;0;0;0;0;0;0;1;1;0;0;1;0;0;1;0;0;41;41;17;24;0;0;0;0;0;0;17;17;0;0;0;3;0;0;0;0;0;3;0;0;0;0;0
2016;Novo Oriente de Minas;3145356;Vale do Mucuri;3104;Teófilo Otoni;31015;31228460;PEM URSINHO PUF;3;1;0;0;0;1;0;1;1;0;0;1;0;0;0;1;1;0;1;1;0;1;1;1;1;0;1;1;0;0;1;0;0;135;135;0;135;0;0;0;0;0;0;0;0;0;0;0;8;0;0;0;0;0;8;0;0;0;0;0
2016;Novo Oriente de Minas;3145356;Vale do Mucuri;3104;Teófilo Otoni;31015;31349852;EM PROFESSOR OSMAR GOMES DOS SANTOS;3;1;0;0;0;0;0;0;0;0;0;0;0;0;0;0;1;0;0;0;0;1;0;1;1;0;1;1;0;0;1;0;0;208;0;0;0;208;208;0;0;0;0;0;0;0;0;0;0;9;9;0;0;0;0;9;9;0;0;0
2016;Novo Oriente de Minas;3145356;Vale do Mucuri;3104;Teófilo Otoni;31015;31350427;CRECHE MUNICIPAL IRMA GEOVANNA- UNIDADE I;3;1;0;0;0;0;0;0;1;0;0;1;0;0;0;1;1;1;0;1;0;1;0;1;1;0;0;1;0;0;1;0;0;74;74;74;0;0;0;0;0;0;0;74;74;0;0;0;4;0;0;0;0;0;4;0;0;0;0;0
2016;Ouro Verde de Minas;3146206;Vale do Mucuri;3104;Teófilo Otoni;31015;31155438;EM SEBASTIAO FERREIRA TERRA;3;1;0;0;0;0;0;0;0;0;0;0;0;0;0;0;0;0;0;0;0;1;0;0;0;0;0;1;0;0;1;0;0;11;0;0;0;11;11;0;0;0;0;0;0;0;0;0;0;1;0;1;0;0;0;1;0;1;0;0
2016;Ouro Verde de Minas;3146206;Vale do Mucuri;3104;Teófilo Otoni;31015;31155446;EM BARTOLOMEU DIAS;3;1;0;0;0;0;0;0;0;0;0;0;0;0;0;0;0;0;0;0;0;1;0;0;0;0;0;1;0;0;1;0;0;24;0;0;0;24;24;0;0;0;0;0;0;0;0;0;0;2;0;2;0;0;0;2;0;2;0;0
2016;Ouro Verde de Minas;3146206;Vale do Mucuri;3104;Teófilo Otoni;31015;31155454;EM VINTE E SEIS DE MARCO;3;1;0;0;0;0;0;0;0;0;0;0;0;0;0;0;0;0;0;0;0;1;1;0;0;0;0;1;0;0;1;0;0;20;0;0;0;20;20;0;0;0;0;0;0;0;0;0;0;2;0;2;0;0;0;2;0;2;0;0
2016;Ouro Verde de Minas;3146206;Vale do Mucuri;3104;Teófilo Otoni;31015;31155462;EM COELHO NETO;3;1;0;0;0;0;0;0;0;0;0;0;0;0;0;0;0;0;0;0;0;0;0;0;0;0;0;1;0;0;1;0;0;12;0;0;0;12;12;0;0;0;1;0;0;0;0;0;0;1;0;1;0;1;0;1;0;1;0;1
2016;Ouro Verde de Minas;3146206;Vale do Mucuri;3104;Teófilo Otoni;31015;31155543;EM LOURIVALDO FRANCISCO DA PAZ;3;1;0;0;0;0;0;0;0;0;0;0;0;0;0;0;0;0;0;0;0;1;0;0;1;0;0;1;0;0;1;0;0;71;0;0;0;71;33;38;0;0;0;0;0;0;0;0;0;8;0;8;0;0;0;6;0;6;0;0
2016;Ouro Verde de Minas;3146206;Vale do Mucuri;3104;Teófilo Otoni;31015;31155551;EM MELO VIANA;3;1;0;0;0;0;0;0;0;0;0;0;0;0;0;0;0;0;0;0;0;0;0;0;0;0;0;1;0;0;1;0;0;22;0;0;0;22;22;0;0;0;0;0;0;0;0;0;0;2;0;2;0;0;0;2;0;2;0;0
2016;Ouro Verde de Minas;3146206;Vale do Mucuri;3104;Teófilo Otoni;31015;31155560;EM MILTON CAMPOS;3;1;0;0;0;0;0;0;0;0;0;0;0;0;0;0;0;0;0;0;0;0;0;0;0;0;0;1;0;0;1;0;0;12;0;0;0;12;12;0;0;0;0;0;0;0;0;0;0;1;0;1;0;0;0;1;0;1;0;0
2016;Ouro Verde de Minas;3146206;Vale do Mucuri;3104;Teófilo Otoni;31015;31155586;EM PRINCESA ISABEL;3;1;0;0;0;0;0;0;0;0;0;0;0;0;0;0;0;0;0;0;0;0;0;0;0;0;0;1;0;0;1;0;0;16;0;0;0;16;16;0;0;0;0;0;0;0;0;0;0;2;0;2;0;0;0;2;0;2;0;0
2016;Ouro Verde de Minas;3146206;Vale do Mucuri;3104;Teófilo Otoni;31015;31155594;EM RAUL SOARES;3;1;0;0;0;0;0;0;0;0;0;0;0;0;0;0;0;0;0;0;0;1;0;0;0;0;1;1;0;0;1;0;0;11;0;0;0;11;11;0;0;0;1;0;0;0;0;0;0;1;0;1;0;1;0;1;0;1;0;1
2016;Ouro Verde de Minas;3146206;Vale do Mucuri;3104;Teófilo Otoni;31015;31273899;PEM PINGO DE GENTE;3;1;0;0;0;0;0;0;0;0;1;0;0;0;0;1;1;0;0;0;0;1;1;1;1;1;0;1;0;0;1;0;0;272;135;0;135;137;137;0;0;0;5;0;0;0;0;0;6;7;7;0;0;4;6;7;7;0;0;4
2016;Ouro Verde de Minas;3146206;Vale do Mucuri;3104;Teófilo Otoni;31015;31328421;CRECHE MUN NELSON F GOUVEIA;3;1;0;0;0;0;0;0;0;0;0;0;0;0;0;0;0;0;0;0;0;0;0;0;1;0;0;1;0;0;1;0;0;30;30;30;0;0;0;0;0;0;0;0;0;0;0;0;2;0;0;0;0;0;2;0;0;0;0;0
2016;Pavão;3148509;Vale do Mucuri;3104;Teófilo Otoni;31015;31147745;EM PROFA DAVINA SANTOS;3;1;0;0;0;0;0;1;1;0;1;0;0;0;0;0;1;0;1;1;1;1;1;1;1;1;1;1;1;1;1;0;0;370;124;0;124;246;246;0;0;0;13;10;0;118;118;0;6;13;13;0;0;9;6;13;13;0;0;9
2016;Pavão;3148509;Vale do Mucuri;3104;Teófilo Otoni;31015;31155888;EM ARISTOTELES BARBOSA;3;1;0;0;0;1;0;0;0;0;0;0;0;0;0;0;0;0;0;0;0;0;0;1;0;0;0;1;0;0;1;0;0;33;15;0;15;18;18;0;0;0;0;0;0;0;0;0;0;3;2;1;0;0;0;3;2;1;0;0
2016;Pavão;3148509;Vale do Mucuri;3104;Teófilo Otoni;31015;31156060;EM LAUDISLAU BARBOSA RODRIGUES;3;1;0;0;0;1;0;0;0;0;0;0;0;0;0;0;0;0;0;0;0;0;0;1;0;0;0;1;0;0;1;0;0;25;6;0;6;19;19;0;0;0;0;0;0;0;0;0;0;3;2;1;0;0;0;3;2;1;0;0
2016;Poté;3152402;Vale do Mucuri;3104;Teófilo Otoni;31015;31147842;EM DE TRES BARRAS;3;1;0;0;0;1;0;0;0;0;0;0;0;0;0;0;0;0;0;0;0;0;0;0;0;0;0;1;0;0;1;0;0;41;0;0;0;31;31;0;0;10;0;0;0;0;0;0;0;3;1;2;1;0;0;3;1;2;1;0
2016;Poté;3152402;Vale do Mucuri;3104;Teófilo Otoni;31015;31156230;EM ANCHIETA;3;1;0;0;0;0;0;0;0;0;0;0;0;0;0;0;0;0;0;0;0;0;0;0;0;0;0;1;0;0;1;0;0;7;0;0;0;7;7;0;0;0;0;0;0;0;0;0;0;1;0;1;0;0;0;1;0;1;0;0
2016;Poté;3152402;Vale do Mucuri;3104;Teófilo Otoni;31015;31156299;EM FREI GASPAR;3;1;0;0;0;0;0;0;0;0;0;0;0;0;0;1;1;0;1;0;0;0;0;0;1;0;0;1;0;0;1;0;0;73;0;0;0;73;30;43;0;0;2;0;0;0;0;0;0;10;0;10;0;2;0;6;0;6;0;1
2016;Poté;3152402;Vale do Mucuri;3104;Teófilo Otoni;31015;31156400;EM PIO XII;3;1;0;0;0;0;0;0;0;0;0;0;0;0;0;0;0;0;0;0;0;0;0;0;0;0;0;1;0;0;1;0;0;6;0;0;0;6;6;0;0;0;0;0;0;0;0;0;0;1;0;1;0;0;0;1;0;1;0;0
2016;Poté;3152402;Vale do Mucuri;3104;Teófilo Otoni;31015;31156451;EM STA LUZIA;3;1;0;0;0;0;0;0;0;0;0;0;0;0;0;0;1;0;1;0;0;1;0;0;1;0;1;1;0;0;1;0;0;82;0;0;0;82;82;0;0;0;1;0;0;0;0;0;0;6;6;0;0;2;0;5;5;0;0;1
2016;Poté;3152402;Vale do Mucuri;3104;Teófilo Otoni;31015;31156469;EM STA MONICA;3;1;0;0;0;0;0;0;0;0;0;0;0;0;0;0;0;0;0;0;0;0;0;0;0;0;0;1;0;0;1;0;0;10;0;0;0;10;10;0;0;0;0;0;0;0;0;0;0;1;0;1;0;0;0;1;0;1;0;0
2016;Poté;3152402;Vale do Mucuri;3104;Teófilo Otoni;31015;31156485;EM STA TEREZINHA;3;1;0;0;0;0;0;0;0;0;0;0;0;0;0;0;0;0;0;0;0;0;0;0;0;0;0;1;0;0;1;0;0;15;0;0;0;15;15;0;0;0;0;0;0;0;0;0;0;1;0;1;0;0;0;1;0;1;0;0
2016;Poté;3152402;Vale do Mucuri;3104;Teófilo Otoni;31015;31156515;EM SAO JOSE;3;1;0;0;0;0;0;0;0;0;0;0;0;0;0;0;1;0;1;0;0;1;1;0;1;0;0;1;0;0;1;0;0;45;0;0;0;45;45;0;0;0;0;0;0;0;0;0;0;4;1;3;0;0;0;4;1;3;0;0
2016;Poté;3152402;Vale do Mucuri;3104;Teófilo Otoni;31015;31261653;PEM PICA PAU;3;1;0;0;0;0;0;0;0;0;0;0;0;0;0;0;0;0;0;0;0;0;0;0;0;0;0;1;0;0;1;0;0;39;39;0;39;0;0;0;0;0;0;0;0;0;0;0;3;0;0;0;0;0;3;0;0;0;0;0
2016;Poté;3152402;Vale do Mucuri;3104;Teófilo Otoni;31015;31263974;CENTRO MUNICIPAL DE EDUCACAO INFANTIL TRES PORQUINHOS;3;1;0;0;0;0;0;0;0;0;0;0;0;0;0;0;0;0;0;0;0;0;0;0;1;0;0;1;0;0;1;0;0;44;44;12;32;0;0;0;0;0;0;12;12;0;0;0;2;0;0;0;0;0;3;0;0;0;0;0
2016;Poté;3152402;Vale do Mucuri;3104;Teófilo Otoni;31015;31263982;CENTRO MUNICIPAL DE EDUCACAO INFANTIL BRANCA DE NEVE;3;1;0;0;0;0;0;0;0;0;0;0;0;0;0;1;0;0;0;0;0;0;0;0;1;0;0;1;0;0;1;0;0;56;56;17;39;0;0;0;0;0;0;17;17;0;0;0;3;0;0;0;0;0;5;0;0;0;0;0
2016;Poté;3152402;Vale do Mucuri;3104;Teófilo Otoni;31015;31263991;PEM TURMA DA MONICA;3;1;0;0;0;0;0;0;0;0;0;0;0;0;0;0;1;0;1;0;0;0;0;0;1;0;0;1;0;0;1;0;0;159;159;0;159;0;0;0;0;0;0;0;0;0;0;0;8;0;0;0;0;0;8;0;0;0;0;0
2016;Poté;3152402;Vale do Mucuri;3104;Teófilo Otoni;31015;31264016;PEM CASINHA FELIZ;3;1;0;0;0;0;1;1;1;0;0;0;1;1;0;0;1;0;1;0;0;1;1;0;1;0;1;1;0;0;1;0;0;28;28;0;28;0;0;0;0;0;0;0;0;0;0;0;1;0;0;0;0;0;1;0;0;0;0;0
2016;Poté;3152402;Vale do Mucuri;3104;Teófilo Otoni;31015;31264024;PEM PATO DONALD;3;1;0;0;0;0;0;1;1;0;0;0;1;1;0;1;1;0;1;0;0;1;1;0;1;0;1;1;0;0;1;0;0;54;54;0;54;0;0;0;0;0;0;0;0;0;0;0;2;0;0;0;0;0;2;0;0;0;0;0
2016;Poté;3152402;Vale do Mucuri;3104;Teófilo Otoni;31015;31328448;CRECHE MUNICIPAL DE POTE;3;1;0;0;0;0;0;0;0;0;0;0;0;0;0;0;0;0;1;0;0;0;0;0;1;0;0;1;0;0;1;0;0;48;48;48;0;0;0;0;0;0;0;48;48;0;0;0;3;0;0;0;0;0;4;0;0;0;0;0
2016;Poté;3152402;Vale do Mucuri;3104;Teófilo Otoni;31015;31347396;EM PREF OMAR AFFONSO DA SILVA;3;1;0;0;0;0;1;1;1;0;0;0;1;1;0;0;1;0;1;1;0;1;1;1;1;0;1;1;0;0;1;0;0;571;0;0;0;571;239;332;0;0;4;0;0;0;0;0;0;28;12;18;0;13;0;21;10;11;0;3
2016;Poté;3152402;Vale do Mucuri;3104;Teófilo Otoni;31015;31351261;EM ADEMAR DE PAULA FREITAS;3;1;0;0;0;0;0;0;1;0;0;0;0;0;0;0;0;1;1;0;1;0;1;0;1;1;0;1;1;0;1;0;0;323;0;0;0;299;299;0;0;24;15;0;0;0;0;0;0;15;15;0;2;12;0;13;13;0;2;10
2016;Santa Helena de Minas;3157658;Vale do Mucuri;3104;Nanuque;31016;31150011;EM VITAL BRASIL;3;1;0;0;0;0;0;0;0;0;0;0;0;0;0;0;0;0;0;0;0;0;0;0;1;0;0;1;0;0;1;0;0;15;0;0;0;15;15;0;0;0;0;0;0;0;0;0;0;1;0;1;0;0;0;1;0;1;0;0
2016;Santa Helena de Minas;3157658;Vale do Mucuri;3104;Nanuque;31016;31150029;EM ALFREDO FERREIRA DA CRUZ;3;1;0;0;0;0;0;0;0;0;0;0;0;0;0;0;0;0;0;0;0;1;0;1;1;0;0;1;0;0;1;0;0;8;0;0;0;8;8;0;0;0;0;0;0;0;0;0;0;1;0;1;0;0;0;1;0;1;0;0
2016;Santa Helena de Minas;3157658;Vale do Mucuri;3104;Nanuque;31016;31150037;EM BARAO DO RIO BRANCO;3;1;0;0;0;0;0;1;1;0;0;0;0;0;0;1;1;0;0;1;0;1;1;1;1;1;1;1;0;0;1;0;0;145;26;0;26;119;50;69;0;0;0;0;0;0;0;0;1;11;5;6;0;0;1;9;5;4;0;0
2016;Santa Helena de Minas;3157658;Vale do Mucuri;3104;Nanuque;31016;31150096;EM FLORIANO PEIXOTO;3;1;0;0;0;0;0;1;1;0;1;0;1;0;1;1;1;0;1;1;0;1;1;1;1;0;1;1;0;0;1;0;0;307;111;0;111;196;196;0;0;0;1;0;0;0;0;0;4;11;11;0;0;1;4;10;10;0;0;1
2016;Santa Helena de Minas;3157658;Vale do Mucuri;3104;Nanuque;31016;31150193;EM TIRADENTES;3;1;0;0;0;0;0;0;0;0;0;0;0;0;0;0;0;0;0;0;0;0;0;1;1;0;0;1;0;0;1;0;0;12;0;0;0;12;12;0;0;0;0;0;0;0;0;0;0;2;0;2;0;0;0;2;0;2;0;0
2016;Setubinha;3165552;Vale do Mucuri;3104;Teófilo Otoni;31015;31147346;EM DE PAI DOMINGOS;3;1;0;0;0;0;0;0;0;0;0;0;1;0;1;0;0;0;1;0;0;0;0;0;1;0;0;1;0;0;1;0;0;135;0;0;0;135;87;48;0;0;0;0;0;0;0;0;0;14;0;14;0;0;0;11;0;11;0;0
2016;Setubinha;3165552;Vale do Mucuri;3104;Teófilo Otoni;31015;31147371;EM DE STO ANTONIO DOS COQUEIROS;3;1;0;0;0;0;0;0;0;0;0;0;0;0;0;0;0;0;1;0;0;0;0;0;1;0;0;1;0;0;1;0;0;21;0;0;0;21;21;0;0;0;0;0;0;0;0;0;0;2;0;2;0;0;0;2;0;2;0;0
2016;Setubinha;3165552;Vale do Mucuri;3104;Teófilo Otoni;31015;31154423;EM PE TITO;3;1;0;0;0;0;0;0;0;0;0;0;0;0;0;0;0;0;1;0;0;0;0;0;1;0;0;1;0;0;1;0;0;21;0;0;0;21;21;0;0;0;0;0;0;0;0;0;0;2;0;2;0;0;0;2;0;2;0;0
2016;Setubinha;3165552;Vale do Mucuri;3104;Teófilo Otoni;31015;31154504;EM JOSE FIUZA;3;1;0;0;0;0;0;0;0;0;0;0;0;0;0;0;0;0;0;0;0;0;0;0;1;0;0;1;0;0;1;0;0;60;0;0;0;60;60;0;0;0;0;0;0;0;0;0;0;5;1;4;0;0;0;5;1;4;0;0
2016;Setubinha;3165552;Vale do Mucuri;3104;Teófilo Otoni;31015;31154512;EM RITA JOSINA ABRANTES;3;1;0;0;0;0;0;0;0;0;0;0;0;0;0;0;0;0;1;0;0;0;0;0;1;0;0;1;0;0;1;0;0;31;0;0;0;31;31;0;0;0;0;0;0;0;0;0;0;2;0;2;0;0;0;2;0;2;0;0
2016;Setubinha;3165552;Vale do Mucuri;3104;Teófilo Otoni;31015;31222135;EM SAO JUDAS TADEU;3;1;0;0;0;0;0;0;0;0;0;0;0;0;0;0;0;0;1;0;0;0;0;0;1;0;0;1;0;0;1;0;0;23;0;0;0;23;23;0;0;0;0;0;0;0;0;0;0;2;1;1;0;0;0;2;1;1;0;0
2016;Setubinha;3165552;Vale do Mucuri;3104;Teófilo Otoni;31015;31270288;EM SALMEM MAHMUD NEDER;3;1;0;0;0;0;0;0;0;0;0;0;0;0;0;0;0;0;1;0;0;0;0;0;1;0;0;1;0;0;1;0;0;26;0;0;0;26;26;0;0;0;0;0;0;0;0;0;0;2;0;2;0;0;0;2;0;2;0;0
2016;Setubinha;3165552;Vale do Mucuri;3104;Teófilo Otoni;31015;31270318;EM JOAO XAVIER MARTINS;3;1;0;0;0;0;0;0;0;0;0;0;0;0;0;0;0;0;0;0;0;0;0;0;0;0;0;1;0;0;1;0;0;138;0;0;0;138;138;0;0;0;0;0;0;0;0;0;0;11;6;5;0;0;0;11;6;5;0;0
2016;Setubinha;3165552;Vale do Mucuri;3104;Teófilo Otoni;31015;31275239;PEM EUGENIO RAMOS DA CRUZ;3;1;0;0;0;0;0;0;0;0;0;0;0;0;0;0;0;0;0;0;0;0;0;0;0;0;0;1;0;0;1;0;0;37;37;0;37;0;0;0;0;0;0;0;0;0;0;0;2;0;0;0;0;0;2;0;0;0;0;0
2016;Setubinha;3165552;Vale do Mucuri;3104;Teófilo Otoni;31015;31275247;CENTRO MUNICIPAL DE EDUCACAO INFANTIL AILTON AMORIM;3;1;0;0;0;0;0;0;0;0;0;0;0;0;0;0;0;0;1;1;0;0;0;0;1;0;0;1;0;0;1;0;0;186;186;75;111;0;0;0;0;0;0;75;75;0;0;0;8;0;0;0;0;0;8;0;0;0;0;0
2016;Setubinha;3165552;Vale do Mucuri;3104;Teófilo Otoni;31015;31324205;PEM MANOEL JORGE SOBRINHO;3;1;0;0;0;0;0;0;0;0;0;0;0;0;0;0;0;0;1;0;0;0;0;0;0;0;0;1;0;0;1;0;0;60;60;0;60;0;0;0;0;0;0;0;0;0;0;0;4;0;0;0;0;0;4;0;0;0;0;0
2016;Serra dos Aimorés;3166709;Vale do Mucuri;3104;Nanuque;31016;31147907;EM DEP CASTRO PIRES;3;1;0;0;0;1;1;1;1;0;1;0;1;0;1;0;1;0;1;1;0;1;1;1;1;1;1;1;0;1;1;0;0;84;0;0;0;84;84;0;0;0;5;0;0;34;34;0;0;6;6;0;0;5;0;5;5;0;0;4
2016;Serra dos Aimorés;3166709;Vale do Mucuri;3104;Nanuque;31016;31147915;EM JAYME GOMES DE SOUZA LEMOS;3;1;0;0;0;0;0;0;0;0;1;0;1;0;1;0;1;0;1;1;0;1;1;1;1;1;1;1;0;0;1;0;0;298;0;0;0;210;210;0;0;88;8;0;0;0;0;0;0;13;13;0;6;8;0;11;11;0;5;4
2016;Serra dos Aimorés;3166709;Vale do Mucuri;3104;Nanuque;31016;31156671;EM ANGELIM SAUDE;3;1;0;0;0;0;0;1;1;0;1;0;0;0;0;0;1;1;1;1;0;1;1;1;1;0;1;1;0;0;1;0;0;83;15;4;11;68;47;21;0;0;2;0;0;0;0;0;1;9;7;4;0;5;1;7;5;2;0;2
2016;Serra dos Aimorés;3166709;Vale do Mucuri;3104;Nanuque;31016;31156680;EM EUGENIA VIANA RODRIGUES;3;1;0;0;0;0;0;0;0;0;0;0;0;0;0;0;0;0;0;0;0;0;1;1;1;0;0;1;0;0;1;0;0;101;15;0;15;86;86;0;0;0;4;0;0;0;0;0;1;5;5;0;0;3;1;5;5;0;0;3
2016;Serra dos Aimorés;3166709;Vale do Mucuri;3104;Nanuque;31016;31228362;PEM PATOTINHA FELIZ;3;1;0;0;0;0;0;0;0;0;0;0;0;0;0;0;1;0;0;0;0;0;0;1;1;0;0;1;0;0;1;0;0;105;105;20;85;0;0;0;0;0;2;0;0;0;0;0;6;0;0;0;0;2;6;0;0;0;0;2
2016;Serra dos Aimorés;3166709;Vale do Mucuri;3104;Nanuque;31016;31236080;PEM PINGO DE GENTE;3;1;0;0;0;0;0;0;0;0;0;0;0;0;0;0;1;0;0;0;0;0;1;1;1;0;0;1;0;0;1;0;0;99;99;1;98;0;0;0;0;0;0;0;0;0;0;0;6;0;0;0;0;0;6;0;0;0;0;0
2016;Teófilo Otoni;3168606;Vale do Mucuri;3104;Teófilo Otoni;31015;31147974;ESCOLA MUNICIPAL TEODOLINDO PEREIRA;3;1;0;0;0;1;0;1;1;0;1;1;1;0;1;1;1;0;1;1;1;1;1;1;1;1;0;1;1;0;1;0;0;540;180;0;180;337;337;0;0;23;25;0;0;0;0;0;13;20;20;0;2;21;10;15;15;0;1;15
2016;Teófilo Otoni;3168606;Vale do Mucuri;3104;Teófilo Otoni;31015;31156701;EM CORREGO SAO JACINTO;3;1;0;0;0;0;0;0;0;0;0;0;0;0;0;0;0;0;0;0;0;0;0;1;1;0;0;1;0;1;1;0;0;39;0;0;0;39;39;0;0;0;0;0;0;38;38;0;0;2;0;2;0;0;0;2;0;2;0;0
2016;Teófilo Otoni;3168606;Vale do Mucuri;3104;Teófilo Otoni;31015;31156710;EM ADVENTISTA DA LAGINHA;3;1;0;0;0;0;0;0;1;0;1;0;0;0;0;1;0;1;0;0;0;1;0;0;1;0;1;1;0;0;1;0;0;30;0;0;0;30;30;0;0;0;0;0;0;0;0;0;0;2;0;2;0;0;0;2;0;2;0;0
2016;Teófilo Otoni;3168606;Vale do Mucuri;3104;Teófilo Otoni;31015;31156795;EM BAMBERG;3;1;0;0;0;0;0;0;0;0;0;0;0;0;0;1;0;0;0;0;0;1;1;0;1;0;0;1;0;0;1;0;0;30;0;0;0;30;30;0;0;0;0;0;0;0;0;0;0;2;0;2;0;0;0;2;0;2;0;0
2016;Teófilo Otoni;3168606;Vale do Mucuri;3104;Teófilo Otoni;31015;31156817;EM BARRA DA LIMEIRA;3;1;0;0;0;0;0;0;0;0;0;0;0;0;0;0;0;0;0;0;0;0;0;0;1;0;0;1;0;1;1;0;0;56;8;0;8;48;48;0;0;0;0;0;0;24;24;0;1;3;0;3;0;0;1;3;0;3;0;0
2016;Teófilo Otoni;3168606;Vale do Mucuri;3104;Teófilo Otoni;31015;31156825;EM JOAO FRANCISCO ROSA;3;1;0;0;0;0;0;0;0;0;0;0;0;0;0;0;0;0;0;0;0;0;0;0;0;0;0;1;0;0;1;0;0;22;0;0;0;22;22;0;0;0;0;0;0;0;0;0;0;1;0;1;0;0;0;1;0;1;0;0
2016;Teófilo Otoni;3168606;Vale do Mucuri;3104;Teófilo Otoni;31015;31156833;EM BARRA NOVA;3;1;0;0;0;1;0;0;0;0;0;0;0;0;0;1;0;0;0;0;0;1;0;1;1;0;0;1;0;0;1;0;0;23;0;0;0;23;23;0;0;0;1;0;0;0;0;0;0;1;0;1;0;1;0;1;0;1;0;1
2016;Teófilo Otoni;3168606;Vale do Mucuri;3104;Teófilo Otoni;31015;31156868;EM AGRICOLA GERALDO LEAO LOPES;3;1;0;0;0;1;0;1;1;0;0;0;1;0;1;1;1;0;1;1;1;0;1;0;1;1;0;1;1;0;1;0;0;196;15;0;15;181;54;127;0;0;18;0;0;0;0;0;3;16;8;11;0;16;1;11;5;6;0;8
2016;Teófilo Otoni;3168606;Vale do Mucuri;3104;Teófilo Otoni;31015;31156876;EM CECILIA ZIMMERER KOURY;3;1;0;0;0;0;0;0;0;0;0;0;0;0;0;0;0;0;0;0;0;1;0;1;1;1;1;1;0;0;1;0;0;140;16;0;16;124;124;0;0;0;4;0;0;0;0;0;3;8;7;1;0;6;1;6;5;1;0;4
2016;Teófilo Otoni;3168606;Vale do Mucuri;3104;Teófilo Otoni;31015;31156906;EM HOMERO BARBOSA;3;1;0;0;0;0;0;0;0;0;0;0;0;0;0;0;0;0;0;0;0;0;0;1;1;0;0;1;0;1;1;0;0;105;17;0;17;88;88;0;0;0;0;0;0;37;37;0;1;5;0;5;0;0;1;5;0;5;0;0
2016;Teófilo Otoni;3168606;Vale do Mucuri;3104;Teófilo Otoni;31015;31156914;EM EDUARDO CORREA BLANK;3;1;0;0;0;0;0;0;0;0;0;0;0;0;0;0;0;0;0;0;0;0;0;1;1;0;0;1;0;0;1;0;0;30;0;0;0;30;30;0;0;0;0;0;0;0;0;0;0;2;0;2;0;0;0;2;0;2;0;0
2016;Teófilo Otoni;3168606;Vale do Mucuri;3104;Teófilo Otoni;31015;31156922;EM HONORINDA FERREIRA CARDOSO;3;1;0;0;0;0;0;1;1;0;1;0;1;1;0;0;1;0;0;0;1;1;1;1;1;1;1;1;1;0;1;0;0;408;115;0;115;263;263;0;0;30;16;1;0;27;27;0;8;18;17;1;6;15;7;13;12;1;2;10
2016;Teófilo Otoni;3168606;Vale do Mucuri;3104;Teófilo Otoni;31015;31156981;EM ROSA REGINA BARROSO;3;1;0;0;0;0;0;0;0;0;0;0;0;0;0;0;0;0;0;0;0;0;0;0;1;0;0;1;0;0;1;0;0;16;7;0;7;9;9;0;0;0;0;0;0;0;0;0;1;1;0;1;0;0;1;1;0;1;0;0
2016;Teófilo Otoni;3168606;Vale do Mucuri;3104;Teófilo Otoni;31015;31156990;EM HERMES FERREIRA SOUTO;3;1;0;0;0;0;0;0;0;0;0;0;0;0;0;0;0;0;0;0;0;0;0;0;1;0;0;1;0;0;1;0;0;38;0;0;0;38;38;0;0;0;1;0;0;0;0;0;0;3;0;3;0;1;0;3;0;3;0;1
2016;Teófilo Otoni;3168606;Vale do Mucuri;3104;Teófilo Otoni;31015;31157058;EM OSCAR JOAO KRETLI;3;1;0;0;0;1;0;0;0;0;0;0;0;0;0;0;0;0;0;0;0;1;1;1;1;0;1;1;0;1;1;0;0;45;8;0;8;37;37;0;0;0;0;0;0;36;36;0;1;2;0;2;0;0;1;2;0;2;0;0
2016;Teófilo Otoni;3168606;Vale do Mucuri;3104;Teófilo Otoni;31015;31157091;EM LIZETA FERREIRA DE OLIVEIRA;3;1;0;0;0;0;0;0;0;0;0;0;0;0;0;0;0;0;0;0;0;0;0;1;1;0;0;1;0;0;1;0;0;35;0;0;0;35;35;0;0;0;1;0;0;0;0;0;0;2;0;2;0;1;0;2;0;2;0;1
2016;Teófilo Otoni;3168606;Vale do Mucuri;3104;Teófilo Otoni;31015;31157112;EM SAO MIGUEL DO PITA;3;1;0;0;0;0;0;0;0;0;0;0;0;0;0;1;0;0;0;0;0;0;0;0;1;0;0;1;0;0;1;0;0;27;0;0;0;27;27;0;0;0;0;0;0;0;0;0;0;1;0;1;0;0;0;1;0;1;0;0
2016;Teófilo Otoni;3168606;Vale do Mucuri;3104;Teófilo Otoni;31015;31157121;EM SAO PEDRO;3;1;0;0;0;0;0;0;0;0;0;0;0;0;0;0;0;0;0;0;0;1;0;0;1;0;1;1;0;0;1;0;0;78;13;0;13;65;65;0;0;0;0;0;0;0;0;0;1;4;0;4;0;0;1;4;0;4;0;0
2016;Teófilo Otoni;3168606;Vale do Mucuri;3104;Teófilo Otoni;31015;31157147;EM MARIA RAMOS;3;1;0;0;0;0;0;0;0;0;0;0;0;0;0;1;1;0;1;1;0;1;1;1;1;1;1;1;0;0;1;0;0;206;77;37;40;95;95;0;0;34;12;77;37;0;0;0;6;8;7;1;2;6;5;7;5;2;2;4
2016;Teófilo Otoni;3168606;Vale do Mucuri;3104;Teófilo Otoni;31015;31157155;EM SIDONIO OTTONI;3;1;0;0;0;0;0;1;1;0;0;0;0;0;0;0;1;0;1;1;1;1;1;0;1;1;1;1;1;0;1;0;0;717;0;0;0;510;256;254;0;207;46;0;0;0;0;0;0;34;17;17;13;39;0;22;12;10;9;23
2016;Teófilo Otoni;3168606;Vale do Mucuri;3104;Teófilo Otoni;31015;31157163;EM AGRICOLA INACIO PEREIRA GUIMARAES;3;1;0;0;0;1;0;1;1;0;0;0;1;0;1;1;1;0;1;1;0;1;1;1;1;1;0;1;0;1;1;0;0;271;28;0;28;217;75;142;0;26;1;0;0;32;16;16;4;17;8;11;5;4;2;11;5;6;2;1
2016;Teófilo Otoni;3168606;Vale do Mucuri;3104;Teófilo Otoni;31015;31157198;EM ALTINO VIEIRA DO AMARAL;3;1;0;0;0;0;0;0;0;0;0;0;0;0;0;0;0;0;0;0;0;0;0;1;1;0;0;1;0;0;1;0;0;35;0;0;0;35;35;0;0;0;2;0;0;0;0;0;0;2;0;2;0;1;0;2;0;2;0;1
2016;Teófilo Otoni;3168606;Vale do Mucuri;3104;Teófilo Otoni;31015;31157287;EM OTTO WILLY PETZOLD;3;1;0;0;0;1;0;0;0;0;0;0;0;0;0;0;0;0;0;0;0;0;1;0;1;0;0;1;0;0;1;0;0;43;0;0;0;43;43;0;0;0;3;0;0;36;36;0;0;3;0;3;0;2;0;3;0;3;0;2
2016;Teófilo Otoni;3168606;Vale do Mucuri;3104;Teófilo Otoni;31015;31157368;EM JOAO PEREIRA DOS SANTOS;3;1;0;0;0;0;0;0;0;0;0;0;0;0;0;0;0;0;0;0;0;1;1;1;1;0;1;1;0;0;1;0;0;42;0;0;0;42;42;0;0;0;1;0;0;25;25;0;0;2;0;2;0;1;0;2;0;2;0;1
2016;Teófilo Otoni;3168606;Vale do Mucuri;3104;Teófilo Otoni;31015;31157384;EM FAZ SAO JOAO BATISTA;3;1;0;0;0;0;0;0;0;0;0;0;0;0;0;0;0;0;0;0;0;0;0;0;0;0;0;1;0;0;1;0;0;44;0;0;0;44;44;0;0;0;4;0;0;0;0;0;0;3;0;3;0;2;0;3;0;3;0;2
2016;Teófilo Otoni;3168606;Vale do Mucuri;3104;Teófilo Otoni;31015;31157406;EM PETRONIO MENDES DE SOUZA;3;1;0;0;0;0;0;0;0;0;0;0;0;0;0;1;0;0;0;0;0;0;0;0;1;0;0;1;0;0;1;0;0;28;0;0;0;28;28;0;0;0;0;0;0;28;28;0;0;2;0;2;0;0;0;2;0;2;0;0
2016;Teófilo Otoni;3168606;Vale do Mucuri;3104;Teófilo Otoni;31015;31157414;EM CLARINDO VAZ DOS SANTOS;3;1;0;0;0;0;0;0;0;0;0;0;0;0;0;0;0;0;0;0;0;0;0;1;0;0;0;1;0;0;1;0;0;31;0;0;0;31;31;0;0;0;0;0;0;0;0;0;0;2;0;2;0;0;0;2;0;2;0;0
2016;Teófilo Otoni;3168606;Vale do Mucuri;3104;Teófilo Otoni;31015;31157431;EM LETICE PASSOS DE MATOS;3;1;0;0;0;0;0;0;0;0;0;0;0;0;0;1;0;0;0;0;0;1;0;0;1;0;1;1;0;0;1;0;0;20;0;0;0;20;20;0;0;0;0;0;0;0;0;0;0;1;0;1;0;0;0;1;0;1;0;0
2016;Teófilo Otoni;3168606;Vale do Mucuri;3104;Teófilo Otoni;31015;31211443;PEM ABELHINHA;3;1;0;0;0;0;0;0;0;0;0;0;0;0;0;1;1;0;1;1;0;1;0;0;1;0;0;1;0;0;1;0;0;167;167;59;108;0;0;0;0;0;7;167;59;0;0;0;11;0;0;0;0;5;11;0;0;0;0;5
2016;Teófilo Otoni;3168606;Vale do Mucuri;3104;Teófilo Otoni;31015;31211478;PEM BEIJA FLOR;3;1;0;0;0;0;0;0;0;0;0;0;0;0;0;0;0;0;0;0;0;0;0;0;0;0;0;1;0;0;1;0;0;61;61;0;61;0;0;0;0;0;0;61;0;0;0;0;3;0;0;0;0;0;4;0;0;0;0;0
2016;Teófilo Otoni;3168606;Vale do Mucuri;3104;Teófilo Otoni;31015;31211524;PEM CINDERELA;3;1;0;0;0;0;0;0;0;0;0;0;0;0;0;0;0;0;0;0;0;0;0;0;0;0;0;1;0;0;1;0;0;56;56;0;56;0;0;0;0;0;0;0;0;0;0;0;3;0;0;0;0;0;3;0;0;0;0;0
2016;Teófilo Otoni;3168606;Vale do Mucuri;3104;Teófilo Otoni;31015;31211559;PEM COMECINHO DA VIDA;3;1;0;0;0;0;0;0;0;0;0;0;0;0;0;1;0;0;0;0;0;0;0;1;1;0;0;1;0;0;1;0;0;100;100;0;100;0;0;0;0;0;0;0;0;0;0;0;5;0;0;0;0;0;5;0;0;0;0;0
2016;Teófilo Otoni;3168606;Vale do Mucuri;3104;Teófilo Otoni;31015;31211567;PEM CRIANCA FELIZ;3;1;0;0;0;0;0;0;0;0;0;0;0;0;0;0;0;0;0;0;0;0;0;1;1;0;0;1;0;0;1;0;0;58;58;0;58;0;0;0;0;0;0;0;0;0;0;0;3;0;0;0;0;0;3;0;0;0;0;0
2016;Teófilo Otoni;3168606;Vale do Mucuri;3104;Teófilo Otoni;31015;31211575;PEM TIA CHICA;3;1;0;0;0;0;0;0;0;0;0;0;0;0;0;0;0;0;0;0;0;0;0;0;0;0;0;1;0;0;1;0;0;39;39;0;39;0;0;0;0;0;4;39;0;0;0;0;2;0;0;0;0;2;2;0;0;0;0;2
2016;Teófilo Otoni;3168606;Vale do Mucuri;3104;Teófilo Otoni;31015;31211630;PEM IRMA ILKA;3;1;0;0;0;0;0;0;1;0;0;0;0;0;0;1;0;1;0;0;0;0;0;1;1;0;0;1;0;0;1;0;0;26;26;0;26;0;0;0;0;0;0;0;0;0;0;0;2;0;0;0;0;0;2;0;0;0;0;0
2016;Teófilo Otoni;3168606;Vale do Mucuri;3104;Teófilo Otoni;31015;31211648;PEM IRMA TEREZA;3;1;0;0;0;0;0;0;0;0;0;0;0;0;0;0;0;0;0;0;0;0;0;1;1;0;0;1;0;0;1;0;0;71;71;0;71;0;0;0;0;0;0;0;0;0;0;0;4;0;0;0;0;0;4;0;0;0;0;0
2016;Teófilo Otoni;3168606;Vale do Mucuri;3104;Teófilo Otoni;31015;31211672;PEM LUA DE PAPEL;3;1;0;0;0;0;0;0;0;0;0;1;0;0;0;0;0;0;0;0;0;0;0;0;1;0;0;1;0;0;1;0;0;41;41;0;41;0;0;0;0;0;4;41;0;0;0;0;2;0;0;0;0;2;2;0;0;0;0;2
2016;Teófilo Otoni;3168606;Vale do Mucuri;3104;Teófilo Otoni;31015;31211702;PEM MEU MUNDO;3;1;0;0;0;0;0;0;0;0;0;0;0;0;0;0;0;0;0;0;0;0;0;0;1;0;0;1;0;0;1;0;0;110;110;0;110;0;0;0;0;0;0;0;0;0;0;0;6;0;0;0;0;0;6;0;0;0;0;0
2016;Teófilo Otoni;3168606;Vale do Mucuri;3104;Teófilo Otoni;31015;31211737;PEM MUNDO MAGICO;3;1;0;0;0;0;0;1;1;0;0;0;0;0;0;1;0;0;1;0;0;0;0;1;0;0;0;1;0;0;1;0;0;58;58;0;58;0;0;0;0;0;0;12;0;0;0;0;4;0;0;0;0;0;4;0;0;0;0;0
2016;Teófilo Otoni;3168606;Vale do Mucuri;3104;Teófilo Otoni;31015;31211770;PEM PATZUM;3;1;0;0;0;0;0;0;0;0;0;0;0;0;0;0;0;0;0;1;0;0;0;0;0;0;0;1;0;0;1;0;0;43;43;0;43;0;0;0;0;0;0;0;0;0;0;0;2;0;0;0;0;0;2;0;0;0;0;0
2016;Teófilo Otoni;3168606;Vale do Mucuri;3104;Teófilo Otoni;31015;31211788;PEM PEQUENO POLEGAR;3;1;0;0;0;0;0;0;0;0;0;0;0;0;0;0;0;0;1;0;0;0;1;1;1;0;0;1;0;0;1;0;0;341;341;0;341;0;0;0;0;0;2;75;0;0;0;0;20;0;0;0;0;2;20;0;0;0;0;2
2016;Teófilo Otoni;3168606;Vale do Mucuri;3104;Teófilo Otoni;31015;31211796;PEM PEQUENO PONEY;3;1;0;0;0;0;0;0;0;0;0;1;0;0;0;0;0;0;0;0;0;0;0;1;1;0;0;1;0;0;1;0;0;31;31;0;31;0;0;0;0;0;0;0;0;0;0;0;2;0;0;0;0;0;2;0;0;0;0;0
2016;Teófilo Otoni;3168606;Vale do Mucuri;3104;Teófilo Otoni;31015;31211800;PEM PETER PAN;3;1;0;0;0;0;0;0;0;0;0;0;0;0;0;0;0;0;0;0;0;0;0;1;1;0;0;1;0;0;1;0;0;37;37;0;37;0;0;0;0;0;0;0;0;0;0;0;2;0;0;0;0;0;2;0;0;0;0;0
2016;Teófilo Otoni;3168606;Vale do Mucuri;3104;Teófilo Otoni;31015;31211818;PEM PICA PAU;3;1;0;0;0;0;0;0;0;0;0;1;0;0;0;1;1;0;1;1;0;1;1;1;1;0;0;1;0;0;1;0;0;326;326;0;326;0;0;0;0;0;5;79;0;0;0;0;23;0;0;0;0;8;21;0;0;0;0;5
2016;Teófilo Otoni;3168606;Vale do Mucuri;3104;Teófilo Otoni;31015;31211826;PEM PINGO DE GENTE;3;1;0;0;0;0;0;0;0;0;0;0;0;0;0;1;1;0;0;1;0;0;1;0;0;0;0;1;0;0;1;0;0;37;37;0;37;0;0;0;0;0;1;37;0;0;0;0;2;0;0;0;0;1;2;0;0;0;0;1
2016;Teófilo Otoni;3168606;Vale do Mucuri;3104;Teófilo Otoni;31015;31211869;PEM TESOURO INFANTIL;3;1;0;0;0;0;0;0;0;0;0;0;0;0;0;0;0;0;0;0;0;0;0;0;0;0;0;1;0;0;1;0;0;41;41;0;41;0;0;0;0;0;0;0;0;0;0;0;3;0;0;0;0;0;3;0;0;0;0;0
2016;Teófilo Otoni;3168606;Vale do Mucuri;3104;Teófilo Otoni;31015;31211877;PEM TIA AMELIA;3;1;0;0;0;0;0;0;1;0;0;0;0;0;0;1;0;1;0;0;0;0;0;1;1;0;0;1;0;0;1;0;0;42;42;0;42;0;0;0;0;0;0;0;0;0;0;0;2;0;0;0;0;0;2;0;0;0;0;0
2016;Teófilo Otoni;3168606;Vale do Mucuri;3104;Teófilo Otoni;31015;31228401;PEM O NINHO;3;1;0;0;0;0;0;0;0;0;0;0;0;0;0;0;0;0;0;0;0;0;0;0;0;0;0;1;0;0;1;0;0;81;81;0;81;0;0;0;0;0;9;81;0;0;0;0;4;0;0;0;0;4;4;0;0;0;0;4
2016;Teófilo Otoni;3168606;Vale do Mucuri;3104;Teófilo Otoni;31015;31228419;PEM CORACAO DE CRIANCA;3;1;0;0;0;0;0;0;0;0;0;0;0;0;0;0;0;0;0;0;0;0;0;0;0;0;0;1;0;0;1;0;0;35;35;0;35;0;0;0;0;0;1;0;0;0;0;0;2;0;0;0;0;1;2;0;0;0;0;1
2016;Teófilo Otoni;3168606;Vale do Mucuri;3104;Teófilo Otoni;31015;31228591;EM IRMA MARIA AMALIA;3;1;0;0;0;0;0;1;1;0;0;1;1;1;1;1;1;0;1;1;1;1;0;1;1;1;1;1;1;0;1;0;0;1846;0;0;0;1827;819;1008;0;19;33;0;0;12;9;3;0;87;41;49;6;62;0;64;33;31;2;25
2016;Teófilo Otoni;3168606;Vale do Mucuri;3104;Teófilo Otoni;31015;31305669;EM NOSSA SENHORA APARECIDA;3;1;0;0;0;0;0;1;1;0;1;0;0;0;0;1;1;0;1;1;1;1;1;1;1;1;1;1;1;0;1;0;0;595;55;0;55;540;313;227;0;0;7;11;0;23;23;0;3;33;20;15;0;22;3;24;15;9;0;6
2016;Teófilo Otoni;3168606;Vale do Mucuri;3104;Teófilo Otoni;31015;31310352;EM SAO CRISTOVAO;3;1;0;0;0;1;0;1;1;0;1;0;1;0;1;1;1;0;1;1;1;1;1;1;1;1;1;1;1;0;1;0;0;532;42;0;42;490;490;0;0;0;29;0;0;1;1;0;3;27;27;0;0;21;2;22;22;0;0;16
2016;Teófilo Otoni;3168606;Vale do Mucuri;3104;Teófilo Otoni;31015;31315818;EM DORALICE ARRUDA;3;1;0;0;0;1;0;1;1;0;1;1;0;0;0;0;1;0;1;1;1;1;1;1;1;1;1;1;1;0;1;0;0;494;55;0;55;439;439;0;0;0;16;0;0;2;2;0;5;28;28;0;0;22;3;21;21;0;0;15
2016;Teófilo Otoni;3168606;Vale do Mucuri;3104;Teófilo Otoni;31015;31345130;CENTRO MUN DE EDUCACAO INFANTIL VILA SAO JOAO;3;1;0;0;0;1;0;0;0;0;0;0;0;0;0;1;1;0;0;0;0;1;0;1;1;1;0;1;0;0;1;0;0;58;58;25;33;0;0;0;0;0;0;58;25;0;0;0;5;0;0;0;0;0;5;0;0;0;0;0
2016;Teófilo Otoni;3168606;Vale do Mucuri;3104;Teófilo Otoni;31015;31345148;CENTRO SOLIDARIO DE EDUCACAO INFANTIL SAO CRISTOVAO;3;1;0;0;0;1;0;0;0;0;0;1;0;0;0;1;1;0;1;1;1;1;1;1;1;1;1;1;1;0;1;0;0;139;139;55;84;0;0;0;0;0;4;139;55;0;0;0;8;0;0;0;0;3;8;0;0;0;0;3
2016;Teófilo Otoni;3168606;Vale do Mucuri;3104;Teófilo Otoni;31015;31366722;CEMEI - SAO BENEDITO;3;1;0;0;0;0;0;0;0;0;0;1;0;0;0;0;0;0;0;1;0;1;0;0;1;1;0;1;0;1;1;0;0;71;71;34;37;0;0;0;0;0;0;43;19;0;0;0;5;0;0;0;0;0;5;0;0;0;0;0
2016;Teófilo Otoni;3168606;Vale do Mucuri;3104;Teófilo Otoni;31015;31366730;CEMEI - FELICIDADE;3;1;0;0;0;0;0;0;0;0;0;0;0;0;0;1;1;0;1;1;0;1;0;0;1;0;0;1;0;0;1;0;0;68;68;27;41;0;0;0;0;0;0;68;27;0;0;0;5;0;0;0;0;0;5;0;0;0;0;0
2016;Umburatiba;3170305;Vale do Mucuri;3104;Nanuque;31016;31148466;EM COLATINA GONCALVES DE SOUZA;3;1;0;0;0;1;0;1;1;0;1;1;0;0;0;1;1;0;1;1;1;1;1;0;1;0;1;1;1;0;1;0;0;193;22;0;22;171;88;83;0;0;4;0;0;0;0;0;2;13;5;8;0;9;2;9;5;4;0;3
2016;Umburatiba;3170305;Vale do Mucuri;3104;Nanuque;31016;31270164;EM SOLIVAR FERREIRA BORGES;3;1;0;0;0;0;0;1;1;0;0;0;0;0;0;1;1;0;1;1;0;1;1;1;1;1;1;1;0;0;1;0;0;177;38;0;38;139;139;0;0;0;2;0;0;0;0;0;2;6;6;0;0;2;2;6;6;0;0;2
